{"id":"620a40309287b00014447170","uuid":"3bf03157-ef0e-4e74-a25c-a9bdc01a1498","hash":"","name":"iRec Application Details","description":"iRec Application Details","entity":"VC","status":"PUBLISHED","readonly":false,"document":"{\"$id\":\"#3bf03157-ef0e-4e74-a25c-a9bdc01a1498&1.0.0\",\"$comment\":\"{ \\\"term\\\": \\\"3bf03157-ef0e-4e74-a25c-a9bdc01a1498&1.0.0\\\", \\\"@id\\\": \\\"https://ipfs.io/ipfs/bafkreig3fsvpe7feco2h3cgjwjybvbgtzcsp63yhtnuqrms46fs4cul66a#3bf03157-ef0e-4e74-a25c-a9bdc01a1498&1.0.0\\\" }\",\"title\":\"iRec Application Details\",\"description\":\"iRec Application Details\",\"type\":\"object\",\"properties\":{\"@context\":{\"oneOf\":[{\"type\":\"string\"},{\"type\":\"array\",\"items\":{\"type\":\"string\"}}],\"readOnly\":true},\"type\":{\"oneOf\":[{\"type\":\"string\"},{\"type\":\"array\",\"items\":{\"type\":\"string\"}}],\"readOnly\":true},\"id\":{\"type\":\"string\",\"readOnly\":true},\"field0\":{\"title\":\"Applicant legal name\",\"description\":\"Applicant legal name\",\"readOnly\":false,\"$comment\":\"{ \\\"term\\\": \\\"field0\\\", \\\"@id\\\": \\\"https://www.schema.org/text\\\" }\",\"type\":\"string\"},\"field1\":{\"title\":\"Balance sheet total for last financial year in USD\",\"description\":\"Balance sheet total for last financial year in USD\",\"readOnly\":false,\"$comment\":\"{ \\\"term\\\": \\\"field1\\\", \\\"@id\\\": \\\"https://www.schema.org/text\\\" }\",\"type\":\"string\"},\"field2\":{\"title\":\"CEO or general Manager passport number\",\"description\":\"CEO or general Manager passport number\",\"readOnly\":false,\"$comment\":\"{ \\\"term\\\": \\\"field2\\\", \\\"@id\\\": \\\"https://www.schema.org/text\\\" }\",\"type\":\"string\"},\"field3\":{\"title\":\"Corporate registration number or passport number\",\"description\":\"Corporate registration number or passport number\",\"readOnly\":false,\"$comment\":\"{ \\\"term\\\": \\\"field3\\\", \\\"@id\\\": \\\"https://www.schema.org/text\\\" }\",\"type\":\"string\"},\"field4\":{\"title\":\"Country\",\"description\":\"Country\",\"readOnly\":false,\"$comment\":\"{ \\\"term\\\": \\\"field4\\\", \\\"@id\\\": \\\"https://www.schema.org/text\\\" }\",\"type\":\"string\"},\"field5\":{\"title\":\"Date\",\"description\":\"Date\",\"readOnly\":false,\"$comment\":\"{ \\\"term\\\": \\\"field5\\\", \\\"@id\\\": \\\"https://www.schema.org/text\\\" }\",\"type\":\"string\"},\"field6\":{\"title\":\"Legal status\",\"description\":\"Legal status\",\"readOnly\":false,\"$comment\":\"{ \\\"term\\\": \\\"field6\\\", \\\"@id\\\": \\\"https://www.schema.org/text\\\" }\",\"type\":\"string\"},\"field7\":{\"title\":\"Main business ie food retailer\",\"description\":\"Main business ie food retailer\",\"readOnly\":false,\"$comment\":\"{ \\\"term\\\": \\\"field7\\\", \\\"@id\\\": \\\"https://www.schema.org/text\\\" }\",\"type\":\"string\"},\"field8\":{\"title\":\"Name of CEO or General Manager\",\"description\":\"Name of CEO or General Manager\",\"readOnly\":false,\"$comment\":\"{ \\\"term\\\": \\\"field8\\\", \\\"@id\\\": \\\"https://www.schema.org/text\\\" }\",\"type\":\"string\"},\"field9\":{\"title\":\"Number of employees\",\"description\":\"Number of employees\",\"readOnly\":false,\"$comment\":\"{ \\\"term\\\": \\\"field9\\\", \\\"@id\\\": \\\"https://www.schema.org/text\\\" }\",\"type\":\"string\"},\"field10\":{\"title\":\"Postal zip code\",\"description\":\"Postal zip code\",\"readOnly\":false,\"$comment\":\"{ \\\"term\\\": \\\"field10\\\", \\\"@id\\\": \\\"https://www.schema.org/text\\\" }\",\"type\":\"string\"},\"field11\":{\"title\":\"Primary contact email\",\"description\":\"Primary contact email\",\"readOnly\":false,\"$comment\":\"{ \\\"term\\\": \\\"field11\\\", \\\"@id\\\": \\\"https://www.schema.org/text\\\" }\",\"type\":\"string\"},\"field12\":{\"title\":\"Primary contact name\",\"description\":\"Primary contact name\",\"readOnly\":false,\"$comment\":\"{ \\\"term\\\": \\\"field12\\\", \\\"@id\\\": \\\"https://www.schema.org/text\\\" }\",\"type\":\"string\"},\"field13\":{\"title\":\"Primary contact telephone\",\"description\":\"Primary contact telephone\",\"readOnly\":false,\"$comment\":\"{ \\\"term\\\": \\\"field13\\\", \\\"@id\\\": \\\"https://www.schema.org/text\\\" }\",\"type\":\"string\"},\"field14\":{\"title\":\"Registered address line 1\",\"description\":\"Registered address line 1\",\"readOnly\":false,\"$comment\":\"{ \\\"term\\\": \\\"field14\\\", \\\"@id\\\": \\\"https://www.schema.org/text\\\" }\",\"type\":\"string\"},\"field15\":{\"title\":\"Role requested under this application ie iREC participant and or registrant\",\"description\":\"Role requested under this application ie iREC participant and or registrant\",\"readOnly\":false,\"$comment\":\"{ \\\"term\\\": \\\"field15\\\", \\\"@id\\\": \\\"https://www.schema.org/text\\\" }\",\"type\":\"string\"},\"field16\":{\"title\":\"Website URL\",\"description\":\"Website URL\",\"readOnly\":false,\"$comment\":\"{ \\\"term\\\": \\\"field16\\\", \\\"@id\\\": \\\"https://www.schema.org/text\\\" }\",\"type\":\"string\"},\"field17\":{\"title\":\"Years of registration\",\"description\":\"Years of registration\",\"readOnly\":false,\"$comment\":\"{ \\\"term\\\": \\\"field17\\\", \\\"@id\\\": \\\"https://www.schema.org/text\\\" }\",\"type\":\"string\"},\"policyId\":{\"title\":\"policyId\",\"description\":\"policyId\",\"readOnly\":true,\"$comment\":\"{ \\\"term\\\": \\\"policyId\\\", \\\"@id\\\": \\\"https://www.schema.org/text\\\" }\",\"type\":\"string\"},\"ref\":{\"title\":\"ref\",\"description\":\"ref\",\"readOnly\":true,\"$comment\":\"{ \\\"term\\\": \\\"ref\\\", \\\"@id\\\": \\\"https://www.schema.org/text\\\" }\",\"type\":\"string\"}},\"required\":[\"@context\",\"type\",\"policyId\"],\"additionalProperties\":false,\"$defs\":{}}","context":"{\"@context\":{\"@version\":1.1,\"@vocab\":\"https://w3id.org/traceability/#undefinedTerm\",\"id\":\"@id\",\"type\":\"@type\",\"3bf03157-ef0e-4e74-a25c-a9bdc01a1498&1.0.0\":{\"@id\":\"https://ipfs.io/ipfs/bafkreig3fsvpe7feco2h3cgjwjybvbgtzcsp63yhtnuqrms46fs4cul66a#3bf03157-ef0e-4e74-a25c-a9bdc01a1498&1.0.0\",\"@context\":{\"field0\":{\"@id\":\"https://www.schema.org/text\"},\"field1\":{\"@id\":\"https://www.schema.org/text\"},\"field2\":{\"@id\":\"https://www.schema.org/text\"},\"field3\":{\"@id\":\"https://www.schema.org/text\"},\"field4\":{\"@id\":\"https://www.schema.org/text\"},\"field5\":{\"@id\":\"https://www.schema.org/text\"},\"field6\":{\"@id\":\"https://www.schema.org/text\"},\"field7\":{\"@id\":\"https://www.schema.org/text\"},\"field8\":{\"@id\":\"https://www.schema.org/text\"},\"field9\":{\"@id\":\"https://www.schema.org/text\"},\"field10\":{\"@id\":\"https://www.schema.org/text\"},\"field11\":{\"@id\":\"https://www.schema.org/text\"},\"field12\":{\"@id\":\"https://www.schema.org/text\"},\"field13\":{\"@id\":\"https://www.schema.org/text\"},\"field14\":{\"@id\":\"https://www.schema.org/text\"},\"field15\":{\"@id\":\"https://www.schema.org/text\"},\"field16\":{\"@id\":\"https://www.schema.org/text\"},\"field17\":{\"@id\":\"https://www.schema.org/text\"},\"policyId\":{\"@id\":\"https://www.schema.org/text\"},\"ref\":{\"@id\":\"https://www.schema.org/text\"}}}}}","version":"1.0.0","creator":"did:hedera:testnet:oYmWftDZ6fj6YxPdw8w7okV8wfappg5KKPPjDAR5sKr;hedera:testnet:fid=0.0.29671404","owner":"did:hedera:testnet:oYmWftDZ6fj6YxPdw8w7okV8wfappg5KKPPjDAR5sKr;hedera:testnet:fid=0.0.29671404","topicId":"0.0.29614911","messageId":"1644839171.778164000","documentURL":"https://ipfs.io/ipfs/bafkreih74tvuzevwuqsshtidpna5f74ekfrnw7ykesa53ifh5r7n5tqwwi","contextURL":"https://ipfs.io/ipfs/bafkreihnyuykcbscvfym4w4r3kgee3xf44k7rr7r6rl3hhjoasclpy4eca","iri":"#3bf03157-ef0e-4e74-a25c-a9bdc01a1498&1.0.0"}