{"id":"620a5fc49917860014dc9218","uuid":"43931434-84e3-4813-9f06-0c107c515862","hash":"","name":"Inverter","description":"Inverter","entity":"VC","status":"PUBLISHED","readonly":false,"document":"{\"$id\":\"#43931434-84e3-4813-9f06-0c107c515862&1.0.0\",\"$comment\":\"{ \\\"term\\\": \\\"43931434-84e3-4813-9f06-0c107c515862&1.0.0\\\", \\\"@id\\\": \\\"https://ipfs.io/ipfs/bafkreib5pyvkbblxhmvx45xbiwwbgqso7p7zdtyuxusem2wtof6ixdfvhy#43931434-84e3-4813-9f06-0c107c515862&1.0.0\\\" }\",\"title\":\"Inverter\",\"description\":\"Inverter\",\"type\":\"object\",\"properties\":{\"@context\":{\"oneOf\":[{\"type\":\"string\"},{\"type\":\"array\",\"items\":{\"type\":\"string\"}}],\"readOnly\":true},\"type\":{\"oneOf\":[{\"type\":\"string\"},{\"type\":\"array\",\"items\":{\"type\":\"string\"}}],\"readOnly\":true},\"id\":{\"type\":\"string\",\"readOnly\":true},\"field0\":{\"title\":\"projectId\",\"description\":\"projectId\",\"readOnly\":false,\"$comment\":\"{ \\\"term\\\": \\\"field0\\\", \\\"@id\\\": \\\"https://www.schema.org/text\\\" }\",\"type\":\"string\"},\"field1\":{\"title\":\"projectName\",\"description\":\"projectName\",\"readOnly\":false,\"$comment\":\"{ \\\"term\\\": \\\"field1\\\", \\\"@id\\\": \\\"https://www.schema.org/text\\\" }\",\"type\":\"string\"},\"field2\":{\"title\":\"sensorType\",\"description\":\"sensorType\",\"readOnly\":false,\"$comment\":\"{ \\\"term\\\": \\\"field2\\\", \\\"@id\\\": \\\"https://www.schema.org/text\\\" }\",\"type\":\"string\"},\"field3\":{\"title\":\"capacity\",\"description\":\"capacity\",\"readOnly\":false,\"$comment\":\"{ \\\"term\\\": \\\"field3\\\", \\\"@id\\\": \\\"https://www.schema.org/text\\\" }\",\"type\":\"string\"},\"policyId\":{\"title\":\"policyId\",\"description\":\"policyId\",\"readOnly\":true,\"$comment\":\"{ \\\"term\\\": \\\"policyId\\\", \\\"@id\\\": \\\"https://www.schema.org/text\\\" }\",\"type\":\"string\"},\"ref\":{\"title\":\"ref\",\"description\":\"ref\",\"readOnly\":true,\"$comment\":\"{ \\\"term\\\": \\\"ref\\\", \\\"@id\\\": \\\"https://www.schema.org/text\\\" }\",\"type\":\"string\"}},\"required\":[\"@context\",\"type\",\"field0\",\"field1\",\"field2\",\"field3\",\"policyId\"],\"additionalProperties\":false,\"$defs\":{}}","context":"{\"@context\":{\"@version\":1.1,\"@vocab\":\"https://w3id.org/traceability/#undefinedTerm\",\"id\":\"@id\",\"type\":\"@type\",\"43931434-84e3-4813-9f06-0c107c515862&1.0.0\":{\"@id\":\"https://ipfs.io/ipfs/bafkreib5pyvkbblxhmvx45xbiwwbgqso7p7zdtyuxusem2wtof6ixdfvhy#43931434-84e3-4813-9f06-0c107c515862&1.0.0\",\"@context\":{\"field0\":{\"@id\":\"https://www.schema.org/text\"},\"field1\":{\"@id\":\"https://www.schema.org/text\"},\"field2\":{\"@id\":\"https://www.schema.org/text\"},\"field3\":{\"@id\":\"https://www.schema.org/text\"},\"policyId\":{\"@id\":\"https://www.schema.org/text\"},\"ref\":{\"@id\":\"https://www.schema.org/text\"}}}}}","version":"1.0.0","creator":"did:hedera:testnet:5sXRaETseqQJMcY3kc89YyNgXQ8nqNj4WK6M1cx6u2fE;hedera:testnet:fid=0.0.29673776","owner":"did:hedera:testnet:5sXRaETseqQJMcY3kc89YyNgXQ8nqNj4WK6M1cx6u2fE;hedera:testnet:fid=0.0.29673776","topicId":"0.0.29614911","messageId":"1644847093.979895804","documentURL":"https://ipfs.io/ipfs/bafkreieftgeet2o6nuvyakfr7he7i32k2lsdseaailcyiz5zo6a7px3fi4","contextURL":"https://ipfs.io/ipfs/bafkreiels2ofjhdapqsjjw3tgao3d2sfo5uotw4vm2s4vwhxggonpawz3a","iri":"#43931434-84e3-4813-9f06-0c107c515862&1.0.0"}