{"id":"620a40509287b00014447172","uuid":"5d5b7dc3-2068-4e6a-b384-f60f9d59eb5c","hash":"","name":"MRV","description":"MRV","entity":"MRV","status":"DRAFT","readonly":false,"document":"{\"$id\":\"#5d5b7dc3-2068-4e6a-b384-f60f9d59eb5c\",\"$comment\":\"{ \\\"term\\\": \\\"5d5b7dc3-2068-4e6a-b384-f60f9d59eb5c\\\", \\\"@id\\\": \\\"https://ipfs.io/ipfs/bafkreihgglggebedrichulycy5fhqpovrxazqpb2h2itaorzgnbefq4bom#5d5b7dc3-2068-4e6a-b384-f60f9d59eb5c\\\" }\",\"title\":\"MRV\",\"description\":\"MRV\",\"type\":\"object\",\"properties\":{\"@context\":{\"oneOf\":[{\"type\":\"string\"},{\"type\":\"array\",\"items\":{\"type\":\"string\"}}],\"readOnly\":true},\"type\":{\"oneOf\":[{\"type\":\"string\"},{\"type\":\"array\",\"items\":{\"type\":\"string\"}}],\"readOnly\":true},\"id\":{\"type\":\"string\",\"readOnly\":true},\"field0\":{\"title\":\"date\",\"description\":\"date\",\"readOnly\":false,\"$comment\":\"{ \\\"term\\\": \\\"field0\\\", \\\"@id\\\": \\\"https://www.schema.org/text\\\" }\",\"type\":\"string\"},\"field1\":{\"title\":\"amount\",\"description\":\"amount\",\"readOnly\":false,\"$comment\":\"{ \\\"term\\\": \\\"field1\\\", \\\"@id\\\": \\\"https://www.schema.org/text\\\" }\",\"type\":\"string\"},\"field2\":{\"title\":\"period\",\"description\":\"period\",\"readOnly\":false,\"$comment\":\"{ \\\"term\\\": \\\"field2\\\", \\\"@id\\\": \\\"https://www.schema.org/text\\\" }\",\"type\":\"string\"},\"accountId\":{\"title\":\"accountId\",\"description\":\"accountId\",\"readOnly\":true,\"$comment\":\"{ \\\"term\\\": \\\"accountId\\\", \\\"@id\\\": \\\"https://www.schema.org/text\\\" }\",\"type\":\"string\"},\"policyId\":{\"title\":\"policyId\",\"description\":\"policyId\",\"readOnly\":true,\"$comment\":\"{ \\\"term\\\": \\\"policyId\\\", \\\"@id\\\": \\\"https://www.schema.org/text\\\" }\",\"type\":\"string\"}},\"required\":[\"@context\",\"type\",\"field0\",\"field1\",\"field2\",\"accountId\",\"policyId\"],\"additionalProperties\":false,\"$defs\":{}}","context":"{\"@context\":{\"@version\":1.1,\"@vocab\":\"https://w3id.org/traceability/#undefinedTerm\",\"id\":\"@id\",\"type\":\"@type\",\"5d5b7dc3-2068-4e6a-b384-f60f9d59eb5c\":{\"@id\":\"#5d5b7dc3-2068-4e6a-b384-f60f9d59eb5c\",\"@context\":{\"field0\":{\"@id\":\"https://www.schema.org/text\"},\"field1\":{\"@id\":\"https://www.schema.org/text\"},\"field2\":{\"@id\":\"https://www.schema.org/text\"},\"accountId\":{\"@id\":\"https://www.schema.org/text\"},\"policyId\":{\"@id\":\"https://www.schema.org/text\"}}}}}","version":"","creator":"did:hedera:testnet:oYmWftDZ6fj6YxPdw8w7okV8wfappg5KKPPjDAR5sKr;hedera:testnet:fid=0.0.29671404","owner":"did:hedera:testnet:oYmWftDZ6fj6YxPdw8w7okV8wfappg5KKPPjDAR5sKr;hedera:testnet:fid=0.0.29671404","topicId":"0.0.29614911","messageId":null,"documentURL":"https://ipfs.io/ipfs/bafkreighg5v65sk54zrbfu2zgr4gkjm7krarsqvu3cjtfandlpg2t277qy","contextURL":"https://ipfs.io/ipfs/bafkreihgglggebedrichulycy5fhqpovrxazqpb2h2itaorzgnbefq4bom","iri":"#5d5b7dc3-2068-4e6a-b384-f60f9d59eb5c"}