{"id":"620a5fc49917860014dc9219","uuid":"7bf74bc4-c14c-43f1-8b06-2a0f6fe0cd34","hash":"","name":"MRV","description":"MRV","entity":"MRV","status":"PUBLISHED","readonly":false,"document":"{\"$id\":\"#7bf74bc4-c14c-43f1-8b06-2a0f6fe0cd34&1.0.0\",\"$comment\":\"{ \\\"term\\\": \\\"7bf74bc4-c14c-43f1-8b06-2a0f6fe0cd34&1.0.0\\\", \\\"@id\\\": \\\"https://ipfs.io/ipfs/bafkreihgglggebedrichulycy5fhqpovrxazqpb2h2itaorzgnbefq4bom#7bf74bc4-c14c-43f1-8b06-2a0f6fe0cd34&1.0.0\\\" }\",\"title\":\"MRV\",\"description\":\"MRV\",\"type\":\"object\",\"properties\":{\"@context\":{\"oneOf\":[{\"type\":\"string\"},{\"type\":\"array\",\"items\":{\"type\":\"string\"}}],\"readOnly\":true},\"type\":{\"oneOf\":[{\"type\":\"string\"},{\"type\":\"array\",\"items\":{\"type\":\"string\"}}],\"readOnly\":true},\"id\":{\"type\":\"string\",\"readOnly\":true},\"field0\":{\"title\":\"date\",\"description\":\"date\",\"readOnly\":false,\"$comment\":\"{ \\\"term\\\": \\\"field0\\\", \\\"@id\\\": \\\"https://www.schema.org/text\\\" }\",\"type\":\"string\"},\"field1\":{\"title\":\"amount\",\"description\":\"amount\",\"readOnly\":false,\"$comment\":\"{ \\\"term\\\": \\\"field1\\\", \\\"@id\\\": \\\"https://www.schema.org/text\\\" }\",\"type\":\"string\"},\"field2\":{\"title\":\"period\",\"description\":\"period\",\"readOnly\":false,\"$comment\":\"{ \\\"term\\\": \\\"field2\\\", \\\"@id\\\": \\\"https://www.schema.org/text\\\" }\",\"type\":\"string\"},\"accountId\":{\"title\":\"accountId\",\"description\":\"accountId\",\"readOnly\":true,\"$comment\":\"{ \\\"term\\\": \\\"accountId\\\", \\\"@id\\\": \\\"https://www.schema.org/text\\\" }\",\"type\":\"string\"},\"policyId\":{\"title\":\"policyId\",\"description\":\"policyId\",\"readOnly\":true,\"$comment\":\"{ \\\"term\\\": \\\"policyId\\\", \\\"@id\\\": \\\"https://www.schema.org/text\\\" }\",\"type\":\"string\"}},\"required\":[\"@context\",\"type\",\"field0\",\"field1\",\"field2\",\"accountId\",\"policyId\"],\"additionalProperties\":false,\"$defs\":{}}","context":"{\"@context\":{\"@version\":1.1,\"@vocab\":\"https://w3id.org/traceability/#undefinedTerm\",\"id\":\"@id\",\"type\":\"@type\",\"7bf74bc4-c14c-43f1-8b06-2a0f6fe0cd34&1.0.0\":{\"@id\":\"https://ipfs.io/ipfs/bafkreihgglggebedrichulycy5fhqpovrxazqpb2h2itaorzgnbefq4bom#7bf74bc4-c14c-43f1-8b06-2a0f6fe0cd34&1.0.0\",\"@context\":{\"field0\":{\"@id\":\"https://www.schema.org/text\"},\"field1\":{\"@id\":\"https://www.schema.org/text\"},\"field2\":{\"@id\":\"https://www.schema.org/text\"},\"accountId\":{\"@id\":\"https://www.schema.org/text\"},\"policyId\":{\"@id\":\"https://www.schema.org/text\"}}}}}","version":"1.0.0","creator":"did:hedera:testnet:5sXRaETseqQJMcY3kc89YyNgXQ8nqNj4WK6M1cx6u2fE;hedera:testnet:fid=0.0.29673776","owner":"did:hedera:testnet:5sXRaETseqQJMcY3kc89YyNgXQ8nqNj4WK6M1cx6u2fE;hedera:testnet:fid=0.0.29673776","topicId":"0.0.29614911","messageId":"1644847107.415192828","documentURL":"https://ipfs.io/ipfs/bafkreie3edaftgqbf3qrxtomgmtzbfcjymwcwrosixllfdlln7hmxrnwua","contextURL":"https://ipfs.io/ipfs/bafkreic6arythupe3lvb4likuios72khwfuw45r2mnlkijyjsk4mxcszfi","iri":"#7bf74bc4-c14c-43f1-8b06-2a0f6fe0cd34&1.0.0"}