{"id":"620a40439287b00014447171","uuid":"9d766eec-0278-49d3-9c37-292afc8463ea","hash":"","name":"Inverter","description":"Inverter","entity":"VC","status":"DRAFT","readonly":false,"document":"{\"$id\":\"#9d766eec-0278-49d3-9c37-292afc8463ea\",\"$comment\":\"{ \\\"term\\\": \\\"9d766eec-0278-49d3-9c37-292afc8463ea\\\", \\\"@id\\\": \\\"https://ipfs.io/ipfs/bafkreib5pyvkbblxhmvx45xbiwwbgqso7p7zdtyuxusem2wtof6ixdfvhy#9d766eec-0278-49d3-9c37-292afc8463ea\\\" }\",\"title\":\"Inverter\",\"description\":\"Inverter\",\"type\":\"object\",\"properties\":{\"@context\":{\"oneOf\":[{\"type\":\"string\"},{\"type\":\"array\",\"items\":{\"type\":\"string\"}}],\"readOnly\":true},\"type\":{\"oneOf\":[{\"type\":\"string\"},{\"type\":\"array\",\"items\":{\"type\":\"string\"}}],\"readOnly\":true},\"id\":{\"type\":\"string\",\"readOnly\":true},\"field0\":{\"title\":\"projectId\",\"description\":\"projectId\",\"readOnly\":false,\"$comment\":\"{ \\\"term\\\": \\\"field0\\\", \\\"@id\\\": \\\"https://www.schema.org/text\\\" }\",\"type\":\"string\"},\"field1\":{\"title\":\"projectName\",\"description\":\"projectName\",\"readOnly\":false,\"$comment\":\"{ \\\"term\\\": \\\"field1\\\", \\\"@id\\\": \\\"https://www.schema.org/text\\\" }\",\"type\":\"string\"},\"field2\":{\"title\":\"sensorType\",\"description\":\"sensorType\",\"readOnly\":false,\"$comment\":\"{ \\\"term\\\": \\\"field2\\\", \\\"@id\\\": \\\"https://www.schema.org/text\\\" }\",\"type\":\"string\"},\"field3\":{\"title\":\"capacity\",\"description\":\"capacity\",\"readOnly\":false,\"$comment\":\"{ \\\"term\\\": \\\"field3\\\", \\\"@id\\\": \\\"https://www.schema.org/text\\\" }\",\"type\":\"string\"},\"policyId\":{\"title\":\"policyId\",\"description\":\"policyId\",\"readOnly\":true,\"$comment\":\"{ \\\"term\\\": \\\"policyId\\\", \\\"@id\\\": \\\"https://www.schema.org/text\\\" }\",\"type\":\"string\"},\"ref\":{\"title\":\"ref\",\"description\":\"ref\",\"readOnly\":true,\"$comment\":\"{ \\\"term\\\": \\\"ref\\\", \\\"@id\\\": \\\"https://www.schema.org/text\\\" }\",\"type\":\"string\"}},\"required\":[\"@context\",\"type\",\"field0\",\"field1\",\"field2\",\"field3\",\"policyId\"],\"additionalProperties\":false,\"$defs\":{}}","context":"{\"@context\":{\"@version\":1.1,\"@vocab\":\"https://w3id.org/traceability/#undefinedTerm\",\"id\":\"@id\",\"type\":\"@type\",\"9d766eec-0278-49d3-9c37-292afc8463ea\":{\"@id\":\"#9d766eec-0278-49d3-9c37-292afc8463ea\",\"@context\":{\"field0\":{\"@id\":\"https://www.schema.org/text\"},\"field1\":{\"@id\":\"https://www.schema.org/text\"},\"field2\":{\"@id\":\"https://www.schema.org/text\"},\"field3\":{\"@id\":\"https://www.schema.org/text\"},\"policyId\":{\"@id\":\"https://www.schema.org/text\"},\"ref\":{\"@id\":\"https://www.schema.org/text\"}}}}}","version":"","creator":"did:hedera:testnet:oYmWftDZ6fj6YxPdw8w7okV8wfappg5KKPPjDAR5sKr;hedera:testnet:fid=0.0.29671404","owner":"did:hedera:testnet:oYmWftDZ6fj6YxPdw8w7okV8wfappg5KKPPjDAR5sKr;hedera:testnet:fid=0.0.29671404","topicId":"0.0.29614911","messageId":null,"documentURL":"https://ipfs.io/ipfs/bafkreig3j5vbsms3dipxuotjao3uluukvn7iy47of243ho75kikvykboxi","contextURL":"https://ipfs.io/ipfs/bafkreib5pyvkbblxhmvx45xbiwwbgqso7p7zdtyuxusem2wtof6ixdfvhy","iri":"#9d766eec-0278-49d3-9c37-292afc8463ea"}