{"id":"62a9099e39048577f55f3f3a","uuid":"0e4bf993-820c-4627-97e9-5be22bc1078d","hash":"","name":"VVB","description":"VVB","entity":"VC","status":"PUBLISHED","document":{"$id":"#0e4bf993-820c-4627-97e9-5be22bc1078d&1.0.0","$comment":"{\"term\": \"0e4bf993-820c-4627-97e9-5be22bc1078d&1.0.0\", \"@id\": \"https://ipfs.io/ipfs/bafkreiej57ecbs3dg4e6kbpfgwillxj6m4dxba7e4kt6unikzvswcpcobu#0e4bf993-820c-4627-97e9-5be22bc1078d&1.0.0\"}","title":"VVB","description":"VVB","type":"object","properties":{"@context":{"oneOf":[{"type":"string"},{"type":"array","items":{"type":"string"}}],"readOnly":true},"type":{"oneOf":[{"type":"string"},{"type":"array","items":{"type":"string"}}],"readOnly":true},"id":{"type":"string","readOnly":true},"field0":{"title":"VVB Name","description":"VVB Name","readOnly":false,"$comment":"{\"term\": \"field0\", \"@id\": \"https://www.schema.org/text\"}","type":"string"},"policyId":{"title":"policyId","description":"policyId","readOnly":true,"$comment":"{\"term\": \"policyId\", \"@id\": \"https://www.schema.org/text\"}","type":"string"},"ref":{"title":"ref","description":"ref","readOnly":true,"$comment":"{\"term\": \"ref\", \"@id\": \"https://www.schema.org/text\"}","type":"string"}},"required":["@context","type","field0","policyId"],"additionalProperties":false,"$defs":{}},"context":{"@context":{"@version":1.1,"@vocab":"https://w3id.org/traceability/#undefinedTerm","id":"@id","type":"@type","0e4bf993-820c-4627-97e9-5be22bc1078d&1.0.0":{"@id":"https://ipfs.io/ipfs/bafkreiej57ecbs3dg4e6kbpfgwillxj6m4dxba7e4kt6unikzvswcpcobu#0e4bf993-820c-4627-97e9-5be22bc1078d&1.0.0","@context":{"field0":{"@id":"https://www.schema.org/text"},"policyId":{"@id":"https://www.schema.org/text"},"ref":{"@id":"https://www.schema.org/text"}}}}},"version":"1.0.0","creator":"did:hedera:testnet:4RA4AV2H6iNBbTRMV2FPtUhj9qKKNqkaqdqb16Uozpx6;hedera:testnet:tid=0.0.45961047","owner":"did:hedera:testnet:4RA4AV2H6iNBbTRMV2FPtUhj9qKKNqkaqdqb16Uozpx6;hedera:testnet:tid=0.0.45961047","topicId":"0.0.45961050","messageId":"1655245397.358970804","documentURL":"https://ipfs.io/ipfs/bafkreihij37qxchxmspll54gqmsjsi7xpvkh2nemhjrhnqxmpzvanyeog4","contextURL":"https://ipfs.io/ipfs/bafkreifj4uirt7kdavxrf6wj3jupnfdhi7zybnucn5go7ewizmj7v2n4we","iri":"#0e4bf993-820c-4627-97e9-5be22bc1078d&1.0.0","createDate":"2022-06-14T22:20:14.418Z","readonly":false,"system":false,"active":false,"category":"USER"}