{"id":"62a7861d02c876429f7c6551","uuid":"9889c0ef-93ab-4581-aa5c-eb3e344cdcfd","hash":"","name":"VVB","description":"VVB","entity":"VC","status":"PUBLISHED","document":{"$id":"#9889c0ef-93ab-4581-aa5c-eb3e344cdcfd&1.0.0","$comment":"{\"term\": \"9889c0ef-93ab-4581-aa5c-eb3e344cdcfd&1.0.0\", \"@id\": \"https://ipfs.io/ipfs/bafkreiacfljtdg7isfrruaxzpp6m5vcqj3tcerit64taearroede5rmmci#9889c0ef-93ab-4581-aa5c-eb3e344cdcfd&1.0.0\"}","title":"VVB","description":"VVB","type":"object","properties":{"@context":{"oneOf":[{"type":"string"},{"type":"array","items":{"type":"string"}}],"readOnly":true},"type":{"oneOf":[{"type":"string"},{"type":"array","items":{"type":"string"}}],"readOnly":true},"id":{"type":"string","readOnly":true},"field0":{"title":"VVB Name","description":"VVB Name","readOnly":false,"$comment":"{\"term\": \"field0\", \"@id\": \"https://www.schema.org/text\"}","type":"string"},"policyId":{"title":"policyId","description":"policyId","readOnly":true,"$comment":"{\"term\": \"policyId\", \"@id\": \"https://www.schema.org/text\"}","type":"string"},"ref":{"title":"ref","description":"ref","readOnly":true,"$comment":"{\"term\": \"ref\", \"@id\": \"https://www.schema.org/text\"}","type":"string"}},"required":["@context","type","field0","policyId"],"additionalProperties":false,"$defs":{}},"context":{"@context":{"@version":1.1,"@vocab":"https://w3id.org/traceability/#undefinedTerm","id":"@id","type":"@type","9889c0ef-93ab-4581-aa5c-eb3e344cdcfd&1.0.0":{"@id":"https://ipfs.io/ipfs/bafkreiacfljtdg7isfrruaxzpp6m5vcqj3tcerit64taearroede5rmmci#9889c0ef-93ab-4581-aa5c-eb3e344cdcfd&1.0.0","@context":{"field0":{"@id":"https://www.schema.org/text"},"policyId":{"@id":"https://www.schema.org/text"},"ref":{"@id":"https://www.schema.org/text"}}}}},"version":"1.0.0","creator":"did:hedera:testnet:7PsMdvuGCxZYCc9Ws1Au7WjcR7RASmMUN3yHopNXwvgQ;hedera:testnet:tid=0.0.45954832","owner":"did:hedera:testnet:7PsMdvuGCxZYCc9Ws1Au7WjcR7RASmMUN3yHopNXwvgQ;hedera:testnet:tid=0.0.45954832","topicId":"0.0.45954849","messageId":"1655156167.400406233","documentURL":"https://ipfs.io/ipfs/bafkreihehqfvmyipflapl52nuvnxrtnipqkx6rkk5eywlvqqe7yxiocjoi","contextURL":"https://ipfs.io/ipfs/bafkreiej57ecbs3dg4e6kbpfgwillxj6m4dxba7e4kt6unikzvswcpcobu","iri":"#9889c0ef-93ab-4581-aa5c-eb3e344cdcfd&1.0.0","createDate":"2022-06-13T18:46:53.191Z","readonly":false,"system":false,"active":false,"category":"USER"}