{"id":"62a9096839048577f55f3f30","uuid":"d8b7f490-ce50-49d5-8afc-bda8da00827b","hash":"","name":"I-REC Registrant & Participant App","description":"I-REC Registrant & Participant App","entity":"VC","status":"PUBLISHED","document":{"$id":"#d8b7f490-ce50-49d5-8afc-bda8da00827b&1.0.0","$comment":"{\"term\": \"d8b7f490-ce50-49d5-8afc-bda8da00827b&1.0.0\", \"@id\": \"https://ipfs.io/ipfs/bafkreifk4xw3p23jxuzmunnyil6uat2d472vcrqkepkadiv4ohdqd4sdqa#d8b7f490-ce50-49d5-8afc-bda8da00827b&1.0.0\"}","title":"I-REC Registrant & Participant App","description":"I-REC Registrant & Participant App","type":"object","properties":{"@context":{"oneOf":[{"type":"string"},{"type":"array","items":{"type":"string"}}],"readOnly":true},"type":{"oneOf":[{"type":"string"},{"type":"array","items":{"type":"string"}}],"readOnly":true},"id":{"type":"string","readOnly":true},"field0":{"title":"Date","description":"Date","readOnly":false,"$comment":"{\"term\": \"field0\", \"@id\": \"https://www.schema.org/text\"}","type":"string","format":"date"},"field1":{"title":"Applicant Details","description":"Applicant Details","readOnly":false,"$comment":"{\"term\": \"field1\", \"@id\": \"https://ipfs.io/ipfs/bafkreihxsmllnneje7shxerizd4nmjj3mg4mexaskixzkskqpdsksyd6qe#340a3c3b-03b0-40c6-a444-43e8bbe76ee7\"}","$ref":"#340a3c3b-03b0-40c6-a444-43e8bbe76ee7"},"field2":{"title":"Primary Contact Details","description":"Primary Contact Details","readOnly":false,"$comment":"{\"term\": \"field2\", \"@id\": \"https://ipfs.io/ipfs/bafkreihxsmllnneje7shxerizd4nmjj3mg4mexaskixzkskqpdsksyd6qe#2eb1bdc9-6922-46e4-a2db-816fb3b60a5c\"}","$ref":"#2eb1bdc9-6922-46e4-a2db-816fb3b60a5c"},"field3":{"title":"Lead User Details\t","description":"Lead User Details\t","readOnly":false,"$comment":"{\"term\": \"field3\", \"@id\": \"https://ipfs.io/ipfs/bafkreihxsmllnneje7shxerizd4nmjj3mg4mexaskixzkskqpdsksyd6qe#cae59157-9bdd-4302-9274-e32062684524\"}","$ref":"#cae59157-9bdd-4302-9274-e32062684524"},"policyId":{"title":"policyId","description":"policyId","readOnly":true,"$comment":"{\"term\": \"policyId\", \"@id\": \"https://www.schema.org/text\"}","type":"string"},"ref":{"title":"ref","description":"ref","readOnly":true,"$comment":"{\"term\": \"ref\", \"@id\": \"https://www.schema.org/text\"}","type":"string"}},"required":["@context","type","field1","field2","field3","policyId"],"additionalProperties":false,"$defs":{"#340a3c3b-03b0-40c6-a444-43e8bbe76ee7":{"$id":"#340a3c3b-03b0-40c6-a444-43e8bbe76ee7","$comment":"{\"term\": \"340a3c3b-03b0-40c6-a444-43e8bbe76ee7\", \"@id\": \"https://ipfs.io/ipfs/bafkreihe55hxacf32sxuybe3s3otblhfs3y5qlk3lccjvksh7kncwf6ura#340a3c3b-03b0-40c6-a444-43e8bbe76ee7\"}","title":"Applicant Details","description":" Applicant Details","type":"object","properties":{"@context":{"oneOf":[{"type":"string"},{"type":"array","items":{"type":"string"}}],"readOnly":true},"type":{"oneOf":[{"type":"string"},{"type":"array","items":{"type":"string"}}],"readOnly":true},"id":{"type":"string","readOnly":true},"field0":{"title":"Applicant Legal Name","description":"Applicant Legal Name","readOnly":false,"$comment":"{\"term\": \"field0\", \"@id\": \"https://www.schema.org/text\"}","type":"string"},"field1":{"title":"Registered address line 1","description":"Registered address line 1","readOnly":false,"$comment":"{\"term\": \"field1\", \"@id\": \"https://www.schema.org/text\"}","type":"string"},"field2":{"title":"Registered address line 2","description":"Registered address line 2","readOnly":false,"$comment":"{\"term\": \"field2\", \"@id\": \"https://www.schema.org/text\"}","type":"string"},"field3":{"title":"Registered address line 3","description":"Registered address line 3","readOnly":false,"$comment":"{\"term\": \"field3\", \"@id\": \"https://www.schema.org/text\"}","type":"string"},"field4":{"title":"Postal (ZIP) code","description":"Postal (ZIP) code","readOnly":false,"$comment":"{\"term\": \"field4\", \"@id\": \"https://www.schema.org/text\"}","type":"string"},"field5":{"title":"Country","description":"Country","readOnly":false,"$comment":"{\"term\": \"field5\", \"@id\": \"https://www.schema.org/text\"}","type":"string"},"field6":{"title":"Legal Status","description":"Legal Status","readOnly":false,"$comment":"{\"term\": \"field6\", \"@id\": \"https://www.schema.org/text\"}","type":"string"},"field7":{"title":"Country of company registration/private residence","description":"Country of company registration/private residence","readOnly":false,"$comment":"{\"term\": \"field7\", \"@id\": \"https://www.schema.org/text\"}","type":"string"},"field8":{"title":"Corporate registration number/passport number","description":"Corporate registration number/passport number","readOnly":false,"$comment":"{\"term\": \"field8\", \"@id\": \"https://www.schema.org/text\"}","type":"string"},"field9":{"title":"VAT number","description":"VAT number","readOnly":false,"$comment":"{\"term\": \"field9\", \"@id\": \"https://www.schema.org/text\"}","type":"string"},"field10":{"title":"Website URL","description":"Website URL","readOnly":false,"$comment":"{\"term\": \"field10\", \"@id\": \"https://www.schema.org/text\"}","type":"string"},"field11":{"title":"Main business (e.g. food retailer)","description":"Main business (e.g. food retailer)","readOnly":false,"$comment":"{\"term\": \"field11\", \"@id\": \"https://www.schema.org/text\"}","type":"string"},"field12":{"title":"Year of registration","description":"Year of registration","readOnly":false,"$comment":"{\"term\": \"field12\", \"@id\": \"https://www.schema.org/text\"}","type":"integer"},"field13":{"title":"Approximate number of employees","description":"Approximate number of employees","readOnly":false,"$comment":"{\"term\": \"field13\", \"@id\": \"https://www.schema.org/text\"}","type":"integer"},"field14":{"title":"Name of the Chief Executive Officer/General Manager","description":"Name of the Chief Executive Officer/General Manager","readOnly":false,"$comment":"{\"term\": \"field14\", \"@id\": \"https://www.schema.org/text\"}","type":"string"},"field15":{"title":"Chief Executive Officer/General Manager passport number","description":"Chief Executive Officer/General Manager passport number","readOnly":false,"$comment":"{\"term\": \"field15\", \"@id\": \"https://www.schema.org/text\"}","type":"string"},"field16":{"title":"Please state in which countries the organization is active","description":"Please state in which countries the organization is active","readOnly":false,"$comment":"{\"term\": \"field16\", \"@id\": \"https://www.schema.org/text\"}","type":"string"},"field17":{"title":"Please list the main (>10%) shareholders ","description":"Please list the main (>10%) shareholders ","readOnly":false,"$comment":"{\"term\": \"field17\", \"@id\": \"https://www.schema.org/text\"}","type":"string"},"field18":{"title":"Balance sheet total for last financial year (in USD)","description":"Balance sheet total for last financial year (in USD)","readOnly":false,"$comment":"{\"term\": \"field18\", \"@id\": \"https://www.schema.org/text\"}","type":"number"},"field19":{"title":"Email address for Accounts Department","description":"Email address for Accounts Department","readOnly":false,"$comment":"{\"term\": \"field19\", \"@id\": \"https://www.schema.org/text\"}","type":"string","format":"email"}},"required":["@context","type"],"additionalProperties":false},"#2eb1bdc9-6922-46e4-a2db-816fb3b60a5c":{"$id":"#2eb1bdc9-6922-46e4-a2db-816fb3b60a5c","$comment":"{\"term\": \"2eb1bdc9-6922-46e4-a2db-816fb3b60a5c\", \"@id\": \"https://ipfs.io/ipfs/bafkreidwms3pistbvq472d3zkhpll7eth7azpwmftour4xmzrntvibhk2u#2eb1bdc9-6922-46e4-a2db-816fb3b60a5c\"}","title":"Contact Details","description":"Contact Details","type":"object","properties":{"@context":{"oneOf":[{"type":"string"},{"type":"array","items":{"type":"string"}}],"readOnly":true},"type":{"oneOf":[{"type":"string"},{"type":"array","items":{"type":"string"}}],"readOnly":true},"id":{"type":"string","readOnly":true},"field0":{"title":"Organization Name","description":"Organization Name","readOnly":false,"$comment":"{\"term\": \"field0\", \"@id\": \"https://www.schema.org/text\"}","type":"string"},"field1":{"title":"Address line 1","description":"Address line 1","readOnly":false,"$comment":"{\"term\": \"field1\", \"@id\": \"https://www.schema.org/text\"}","type":"string"},"field2":{"title":"Address line 2","description":"Address line 2","readOnly":false,"$comment":"{\"term\": \"field2\", \"@id\": \"https://www.schema.org/text\"}","type":"string"},"field3":{"title":"Address line 3","description":"Address line 3","readOnly":false,"$comment":"{\"term\": \"field3\", \"@id\": \"https://www.schema.org/text\"}","type":"string"},"field4":{"title":"Postal code","description":"Postal code","readOnly":false,"$comment":"{\"term\": \"field4\", \"@id\": \"https://www.schema.org/text\"}","type":"string"},"field5":{"title":"Country","description":"Country","readOnly":false,"$comment":"{\"term\": \"field5\", \"@id\": \"https://www.schema.org/text\"}","type":"string"},"field6":{"title":"Contact person","description":"Contact person","readOnly":false,"$comment":"{\"term\": \"field6\", \"@id\": \"https://www.schema.org/text\"}","type":"string"},"field7":{"title":"e-mail","description":"e-mail","readOnly":false,"$comment":"{\"term\": \"field7\", \"@id\": \"https://www.schema.org/text\"}","type":"string","format":"email"},"field8":{"title":"Telephone","description":"Telephone","readOnly":false,"$comment":"{\"term\": \"field8\", \"@id\": \"https://www.schema.org/text\"}","type":"string"},"field9":{"title":"Fax","description":"Fax","readOnly":false,"$comment":"{\"term\": \"field9\", \"@id\": \"https://www.schema.org/text\"}","type":"string"},"field10":{"title":"Existing I-REC Registry organization(s) to become subsidiary","description":"Existing I-REC Registry organization(s) to become subsidiary","readOnly":false,"$comment":"{\"term\": \"field10\", \"@id\": \"https://www.schema.org/text\"}","type":"string"}},"required":["@context","type"],"additionalProperties":false},"#cae59157-9bdd-4302-9274-e32062684524":{"$id":"#cae59157-9bdd-4302-9274-e32062684524","$comment":"{\"term\": \"cae59157-9bdd-4302-9274-e32062684524\", \"@id\": \"https://ipfs.io/ipfs/bafkreicwhwmdbu4r3zv3cfifbb47dd7y5bf7l6qzycf66ll6pskk2r7gyq#cae59157-9bdd-4302-9274-e32062684524\"}","title":"Lead User Details","description":"Lead User Details","type":"object","properties":{"@context":{"oneOf":[{"type":"string"},{"type":"array","items":{"type":"string"}}],"readOnly":true},"type":{"oneOf":[{"type":"string"},{"type":"array","items":{"type":"string"}}],"readOnly":true},"id":{"type":"string","readOnly":true},"field0":{"title":"Family Name (surname)","description":"Family Name (surname)","readOnly":false,"$comment":"{\"term\": \"field0\", \"@id\": \"https://www.schema.org/text\"}","type":"string"},"field1":{"title":"Other (Given) Names","description":"Other (Given) Names","readOnly":false,"$comment":"{\"term\": \"field1\", \"@id\": \"https://www.schema.org/text\"}","type":"string"},"field2":{"title":"Title","description":"Title","readOnly":false,"$comment":"{\"term\": \"field2\", \"@id\": \"https://www.schema.org/text\"}","type":"string"},"field3":{"title":"e-mail","description":"e-mail","readOnly":false,"$comment":"{\"term\": \"field3\", \"@id\": \"https://www.schema.org/text\"}","type":"string","format":"email"},"field4":{"title":"Telephone","description":"Telephone","readOnly":false,"$comment":"{\"term\": \"field4\", \"@id\": \"https://www.schema.org/text\"}","type":"string"},"field5":{"title":"Fax","description":"Fax","readOnly":false,"$comment":"{\"term\": \"field5\", \"@id\": \"https://www.schema.org/text\"}","type":"string"}},"required":["@context","type"],"additionalProperties":false}}},"context":{"@context":{"@version":1.1,"@vocab":"https://w3id.org/traceability/#undefinedTerm","id":"@id","type":"@type","340a3c3b-03b0-40c6-a444-43e8bbe76ee7":{"@id":"https://ipfs.io/ipfs/bafkreihe55hxacf32sxuybe3s3otblhfs3y5qlk3lccjvksh7kncwf6ura#340a3c3b-03b0-40c6-a444-43e8bbe76ee7","@context":{"field0":{"@id":"https://www.schema.org/text"},"field1":{"@id":"https://www.schema.org/text"},"field2":{"@id":"https://www.schema.org/text"},"field3":{"@id":"https://www.schema.org/text"},"field4":{"@id":"https://www.schema.org/text"},"field5":{"@id":"https://www.schema.org/text"},"field6":{"@id":"https://www.schema.org/text"},"field7":{"@id":"https://www.schema.org/text"},"field8":{"@id":"https://www.schema.org/text"},"field9":{"@id":"https://www.schema.org/text"},"field10":{"@id":"https://www.schema.org/text"},"field11":{"@id":"https://www.schema.org/text"},"field12":{"@id":"https://www.schema.org/text"},"field13":{"@id":"https://www.schema.org/text"},"field14":{"@id":"https://www.schema.org/text"},"field15":{"@id":"https://www.schema.org/text"},"field16":{"@id":"https://www.schema.org/text"},"field17":{"@id":"https://www.schema.org/text"},"field18":{"@id":"https://www.schema.org/text"},"field19":{"@id":"https://www.schema.org/text"}}},"2eb1bdc9-6922-46e4-a2db-816fb3b60a5c":{"@id":"https://ipfs.io/ipfs/bafkreidwms3pistbvq472d3zkhpll7eth7azpwmftour4xmzrntvibhk2u#2eb1bdc9-6922-46e4-a2db-816fb3b60a5c","@context":{"field0":{"@id":"https://www.schema.org/text"},"field1":{"@id":"https://www.schema.org/text"},"field2":{"@id":"https://www.schema.org/text"},"field3":{"@id":"https://www.schema.org/text"},"field4":{"@id":"https://www.schema.org/text"},"field5":{"@id":"https://www.schema.org/text"},"field6":{"@id":"https://www.schema.org/text"},"field7":{"@id":"https://www.schema.org/text"},"field8":{"@id":"https://www.schema.org/text"},"field9":{"@id":"https://www.schema.org/text"},"field10":{"@id":"https://www.schema.org/text"}}},"cae59157-9bdd-4302-9274-e32062684524":{"@id":"https://ipfs.io/ipfs/bafkreicwhwmdbu4r3zv3cfifbb47dd7y5bf7l6qzycf66ll6pskk2r7gyq#cae59157-9bdd-4302-9274-e32062684524","@context":{"field0":{"@id":"https://www.schema.org/text"},"field1":{"@id":"https://www.schema.org/text"},"field2":{"@id":"https://www.schema.org/text"},"field3":{"@id":"https://www.schema.org/text"},"field4":{"@id":"https://www.schema.org/text"},"field5":{"@id":"https://www.schema.org/text"}}},"d8b7f490-ce50-49d5-8afc-bda8da00827b&1.0.0":{"@id":"https://ipfs.io/ipfs/bafkreifk4xw3p23jxuzmunnyil6uat2d472vcrqkepkadiv4ohdqd4sdqa#d8b7f490-ce50-49d5-8afc-bda8da00827b&1.0.0","@context":{"field0":{"@id":"https://www.schema.org/text"},"policyId":{"@id":"https://www.schema.org/text"},"ref":{"@id":"https://www.schema.org/text"},"field1":{"@id":"https://ipfs.io/ipfs/bafkreihxsmllnneje7shxerizd4nmjj3mg4mexaskixzkskqpdsksyd6qe#340a3c3b-03b0-40c6-a444-43e8bbe76ee7"},"field2":{"@id":"https://ipfs.io/ipfs/bafkreihxsmllnneje7shxerizd4nmjj3mg4mexaskixzkskqpdsksyd6qe#2eb1bdc9-6922-46e4-a2db-816fb3b60a5c"},"field3":{"@id":"https://ipfs.io/ipfs/bafkreihxsmllnneje7shxerizd4nmjj3mg4mexaskixzkskqpdsksyd6qe#cae59157-9bdd-4302-9274-e32062684524"}}}}},"version":"1.0.0","creator":"did:hedera:testnet:4RA4AV2H6iNBbTRMV2FPtUhj9qKKNqkaqdqb16Uozpx6;hedera:testnet:tid=0.0.45961047","owner":"did:hedera:testnet:4RA4AV2H6iNBbTRMV2FPtUhj9qKKNqkaqdqb16Uozpx6;hedera:testnet:tid=0.0.45961047","topicId":"0.0.45961048","messageId":"1655245353.417353111","documentURL":"https://ipfs.io/ipfs/bafkreiavxvu5vcxvocgwigwyq3yvrcbznzygvmnl3yvljlghp7zhouofva","contextURL":"https://ipfs.io/ipfs/bafkreiadpgezu7awspndjb5qbibxld4v5immv4nhwlasyib5dgq72xhmcq","iri":"#d8b7f490-ce50-49d5-8afc-bda8da00827b&1.0.0","createDate":"2022-06-14T22:19:20.828Z","readonly":false,"system":false,"active":false,"category":"USER"}