{"name":"Inverter","uuid":"9d31b4ee-2280-43ee-81e7-b225ee208802","entity":"VC","document":"{\"$id\":\"#9d31b4ee-2280-43ee-81e7-b225ee208802\",\"$comment\":\"{\\\"term\\\": \\\"9d31b4ee-2280-43ee-81e7-b225ee208802\\\", \\\"@id\\\": \\\"https://localhost/schema#9d31b4ee-2280-43ee-81e7-b225ee208802\\\"}\",\"title\":\"Inverter\",\"description\":\"Inverter\",\"type\":\"object\",\"properties\":{\"@context\":{\"oneOf\":[{\"type\":\"string\"},{\"type\":\"array\",\"items\":{\"type\":\"string\"}}],\"readOnly\":true},\"type\":{\"oneOf\":[{\"type\":\"string\"},{\"type\":\"array\",\"items\":{\"type\":\"string\"}}],\"readOnly\":true},\"id\":{\"type\":\"string\",\"readOnly\":true},\"policyId\":{\"$comment\":\"{\\\"term\\\": \\\"policyId\\\", \\\"@id\\\": \\\"https://www.schema.org/text\\\"}\",\"title\":\"policyId\",\"description\":\"policyId\",\"type\":\"string\",\"readOnly\":true},\"projectId\":{\"$comment\":\"{\\\"term\\\": \\\"projectId\\\", \\\"@id\\\": \\\"https://www.schema.org/text\\\"}\",\"title\":\"projectId\",\"description\":\"projectId\",\"type\":\"string\",\"readOnly\":false},\"projectName\":{\"$comment\":\"{\\\"term\\\": \\\"projectName\\\", \\\"@id\\\": \\\"https://www.schema.org/text\\\"}\",\"title\":\"projectName\",\"description\":\"projectName\",\"type\":\"string\",\"readOnly\":false},\"sensorType\":{\"$comment\":\"{\\\"term\\\": \\\"sensorType\\\", \\\"@id\\\": \\\"https://www.schema.org/text\\\"}\",\"title\":\"sensorType\",\"description\":\"sensorType\",\"type\":\"string\",\"readOnly\":false},\"capacity\":{\"$comment\":\"{\\\"term\\\": \\\"capacity\\\", \\\"@id\\\": \\\"https://www.schema.org/text\\\"}\",\"title\":\"capacity\",\"description\":\"capacity\",\"type\":\"string\",\"readOnly\":false}},\"required\":[\"policyId\",\"projectId\",\"projectName\",\"sensorType\",\"capacity\"],\"additionalProperties\":false}","relationships":[]}