{"name":"iRec_Application_Details","uuid":"1a5347ba-5e5f-49a7-8734-3dcc953a03ed","entity":"VC","document":"{\"$id\":\"#1a5347ba-5e5f-49a7-8734-3dcc953a03ed\",\"$comment\":\"{\\\"term\\\": \\\"1a5347ba-5e5f-49a7-8734-3dcc953a03ed\\\", \\\"@id\\\": \\\"https://localhost/schema#1a5347ba-5e5f-49a7-8734-3dcc953a03ed\\\"}\",\"title\":\"iRec_Application_Details\",\"description\":\"iRec Application Details\",\"type\":\"object\",\"properties\":{\"@context\":{\"oneOf\":[{\"type\":\"string\"},{\"type\":\"array\",\"items\":{\"type\":\"string\"}}],\"readOnly\":true},\"type\":{\"oneOf\":[{\"type\":\"string\"},{\"type\":\"array\",\"items\":{\"type\":\"string\"}}],\"readOnly\":true},\"id\":{\"type\":\"string\",\"readOnly\":true},\"field0\":{\"title\":\"Applicant legal name\",\"description\":\"Applicant legal name\",\"readOnly\":false,\"$comment\":\"{\\\"term\\\": \\\"field0\\\", \\\"@id\\\": \\\"https://www.schema.org/text\\\"}\",\"type\":\"string\"},\"field1\":{\"title\":\"Balance sheet total for last financial year in USD\",\"description\":\"Balance sheet total for last financial year in USD\",\"readOnly\":false,\"$comment\":\"{\\\"term\\\": \\\"field1\\\", \\\"@id\\\": \\\"https://www.schema.org/text\\\"}\",\"type\":\"string\"},\"field2\":{\"title\":\"CEO or general Manager passport number\",\"description\":\"CEO or general Manager passport number\",\"readOnly\":false,\"$comment\":\"{\\\"term\\\": \\\"field2\\\", \\\"@id\\\": \\\"https://www.schema.org/text\\\"}\",\"type\":\"string\"},\"field3\":{\"title\":\"Corporate registration number or passport number\",\"description\":\"Corporate registration number or passport number\",\"readOnly\":false,\"$comment\":\"{\\\"term\\\": \\\"field3\\\", \\\"@id\\\": \\\"https://www.schema.org/text\\\"}\",\"type\":\"string\"},\"field4\":{\"title\":\"Country\",\"description\":\"Country\",\"readOnly\":false,\"$comment\":\"{\\\"term\\\": \\\"field4\\\", \\\"@id\\\": \\\"https://www.schema.org/text\\\"}\",\"type\":\"string\"},\"field5\":{\"title\":\"Date\",\"description\":\"Date\",\"readOnly\":false,\"$comment\":\"{\\\"term\\\": \\\"field5\\\", \\\"@id\\\": \\\"https://www.schema.org/text\\\"}\",\"type\":\"string\"},\"field6\":{\"title\":\"Legal status\",\"description\":\"Legal status\",\"readOnly\":false,\"$comment\":\"{\\\"term\\\": \\\"field6\\\", \\\"@id\\\": \\\"https://www.schema.org/text\\\"}\",\"type\":\"string\"},\"field7\":{\"title\":\"Main business ie food retailer\",\"description\":\"Main business ie food retailer\",\"readOnly\":false,\"$comment\":\"{\\\"term\\\": \\\"field7\\\", \\\"@id\\\": \\\"https://www.schema.org/text\\\"}\",\"type\":\"string\"},\"field8\":{\"title\":\"Name of CEO or General Manager\",\"description\":\"Name of CEO or General Manager\",\"readOnly\":false,\"$comment\":\"{\\\"term\\\": \\\"field8\\\", \\\"@id\\\": \\\"https://www.schema.org/text\\\"}\",\"type\":\"string\"},\"field9\":{\"title\":\"Number of employees\",\"description\":\"Number of employees\",\"readOnly\":false,\"$comment\":\"{\\\"term\\\": \\\"field9\\\", \\\"@id\\\": \\\"https://www.schema.org/text\\\"}\",\"type\":\"string\"},\"field10\":{\"title\":\"Postal zip code\",\"description\":\"Postal zip code\",\"readOnly\":false,\"$comment\":\"{\\\"term\\\": \\\"field10\\\", \\\"@id\\\": \\\"https://www.schema.org/text\\\"}\",\"type\":\"string\"},\"field11\":{\"title\":\"Primary contact email\",\"description\":\"Primary contact email\",\"readOnly\":false,\"$comment\":\"{\\\"term\\\": \\\"field11\\\", \\\"@id\\\": \\\"https://www.schema.org/text\\\"}\",\"type\":\"string\"},\"field12\":{\"title\":\"Primary contact name\",\"description\":\"Primary contact name\",\"readOnly\":false,\"$comment\":\"{\\\"term\\\": \\\"field12\\\", \\\"@id\\\": \\\"https://www.schema.org/text\\\"}\",\"type\":\"string\"},\"field13\":{\"title\":\"Primary contact telephone\",\"description\":\"Primary contact telephone\",\"readOnly\":false,\"$comment\":\"{\\\"term\\\": \\\"field13\\\", \\\"@id\\\": \\\"https://www.schema.org/text\\\"}\",\"type\":\"string\"},\"field14\":{\"title\":\"Registered address line 1\",\"description\":\"Registered address line 1\",\"readOnly\":false,\"$comment\":\"{\\\"term\\\": \\\"field14\\\", \\\"@id\\\": \\\"https://www.schema.org/text\\\"}\",\"type\":\"string\"},\"field15\":{\"title\":\"Role requested under this application ie iREC participant and or registrant\",\"description\":\"Role requested under this application ie iREC participant and or registrant\",\"readOnly\":false,\"$comment\":\"{\\\"term\\\": \\\"field15\\\", \\\"@id\\\": \\\"https://www.schema.org/text\\\"}\",\"type\":\"string\"},\"field16\":{\"title\":\"Website URL\",\"description\":\"Website URL\",\"readOnly\":false,\"$comment\":\"{\\\"term\\\": \\\"field16\\\", \\\"@id\\\": \\\"https://www.schema.org/text\\\"}\",\"type\":\"string\"},\"field17\":{\"title\":\"Years of registration\",\"description\":\"Years of registration\",\"readOnly\":false,\"$comment\":\"{\\\"term\\\": \\\"field17\\\", \\\"@id\\\": \\\"https://www.schema.org/text\\\"}\",\"type\":\"string\"},\"policyId\":{\"title\":\"policyId\",\"description\":\"policyId\",\"readOnly\":true,\"$comment\":\"{\\\"term\\\": \\\"policyId\\\", \\\"@id\\\": \\\"https://www.schema.org/text\\\"}\",\"type\":\"string\"}},\"required\":[\"@context\",\"type\",\"policyId\"],\"additionalProperties\":false}","relationships":[]}