{"name":"MRV","uuid":"c4623dbd-2453-4c12-941f-032792a00727","entity":"MRV","document":"{\"$id\":\"#c4623dbd-2453-4c12-941f-032792a00727\",\"$comment\":\"{\\\"term\\\": \\\"c4623dbd-2453-4c12-941f-032792a00727\\\", \\\"@id\\\": \\\"https://localhost/schema#c4623dbd-2453-4c12-941f-032792a00727\\\"}\",\"title\":\"MRV\",\"description\":\"MRV\",\"type\":\"object\",\"properties\":{\"@context\":{\"oneOf\":[{\"type\":\"string\"},{\"type\":\"array\",\"items\":{\"type\":\"string\"}}],\"readOnly\":true},\"type\":{\"oneOf\":[{\"type\":\"string\"},{\"type\":\"array\",\"items\":{\"type\":\"string\"}}],\"readOnly\":true},\"id\":{\"type\":\"string\",\"readOnly\":true},\"policyId\":{\"$comment\":\"{\\\"term\\\": \\\"policyId\\\", \\\"@id\\\": \\\"https://www.schema.org/text\\\"}\",\"title\":\"policyId\",\"description\":\"policyId\",\"type\":\"string\",\"readOnly\":true},\"accountId\":{\"$comment\":\"{\\\"term\\\": \\\"accountId\\\", \\\"@id\\\": \\\"https://www.schema.org/text\\\"}\",\"title\":\"accountId\",\"description\":\"accountId\",\"type\":\"string\",\"readOnly\":false},\"date\":{\"$comment\":\"{\\\"term\\\": \\\"date\\\", \\\"@id\\\": \\\"https://www.schema.org/text\\\"}\",\"title\":\"date\",\"description\":\"date\",\"type\":\"string\",\"readOnly\":false},\"amount\":{\"$comment\":\"{\\\"term\\\": \\\"amount\\\", \\\"@id\\\": \\\"https://www.schema.org/text\\\"}\",\"title\":\"amount\",\"description\":\"amount\",\"type\":\"string\",\"readOnly\":false},\"period\":{\"$comment\":\"{\\\"term\\\": \\\"period\\\", \\\"@id\\\": \\\"https://www.schema.org/text\\\"}\",\"title\":\"period\",\"description\":\"period\",\"type\":\"string\",\"readOnly\":false}},\"required\":[\"policyId\",\"accountId\",\"date\",\"amount\",\"period\"],\"additionalProperties\":false}","relationships":[]}