{"id":"629de09a65122d938c5ecabd","uuid":"2a7ae9cf-1417-4916-8ac1-3442e178fcf7","hash":"","name":"VVB","description":"VVB","entity":"VC","status":"DRAFT","readonly":false,"document":{"$id":"#2a7ae9cf-1417-4916-8ac1-3442e178fcf7","$comment":"{\"term\": \"2a7ae9cf-1417-4916-8ac1-3442e178fcf7\", \"@id\": \"https://ipfs.io/ipfs/bafkreidrearhcu6q5rfdb4wyss3p4heg2gmxbfijflefzo6jnur7rwb7ou#2a7ae9cf-1417-4916-8ac1-3442e178fcf7\"}","title":"VVB","description":"VVB","type":"object","properties":{"@context":{"oneOf":[{"type":"string"},{"type":"array","items":{"type":"string"}}],"readOnly":true},"type":{"oneOf":[{"type":"string"},{"type":"array","items":{"type":"string"}}],"readOnly":true},"id":{"type":"string","readOnly":true},"field0":{"title":"VVB Name","description":"VVB Name","readOnly":false,"$comment":"{\"term\": \"field0\", \"@id\": \"https://www.schema.org/text\"}","type":"string"},"policyId":{"title":"policyId","description":"policyId","readOnly":true,"$comment":"{\"term\": \"policyId\", \"@id\": \"https://www.schema.org/text\"}","type":"string"},"ref":{"title":"ref","description":"ref","readOnly":true,"$comment":"{\"term\": \"ref\", \"@id\": \"https://www.schema.org/text\"}","type":"string"}},"required":["@context","type","field0","policyId"],"additionalProperties":false,"$defs":{}},"context":{"@context":{"@version":1.1,"@vocab":"https://w3id.org/traceability/#undefinedTerm","id":"@id","type":"@type","2a7ae9cf-1417-4916-8ac1-3442e178fcf7":{"@id":"https://ipfs.io/ipfs/bafkreid37islk6y5cn77ayxuzaqv7sr6o72nq2jmtchnuopl7ionxn5kd4#2a7ae9cf-1417-4916-8ac1-3442e178fcf7","@context":{"field0":{"@id":"https://www.schema.org/text"},"policyId":{"@id":"https://www.schema.org/text"},"ref":{"@id":"https://www.schema.org/text"}}}}},"version":"","creator":"did:hedera:testnet:3vVCgxgBtWhQrtGQggkXSSQ4uWzLbJNVdj6Gh2xL98vE;hedera:testnet:tid=0.0.45908836","owner":"did:hedera:testnet:3vVCgxgBtWhQrtGQggkXSSQ4uWzLbJNVdj6Gh2xL98vE;hedera:testnet:tid=0.0.45908836","topicId":"0.0.45908872","messageId":null,"documentURL":"https://ipfs.io/ipfs/bafkreif7ooxl2solwvbfy3nehyvdwejpgso57lx23g3ipqhsryzjlrrm2a","contextURL":"https://ipfs.io/ipfs/bafkreidrearhcu6q5rfdb4wyss3p4heg2gmxbfijflefzo6jnur7rwb7ou","iri":"#2a7ae9cf-1417-4916-8ac1-3442e178fcf7","createDate":"2022-06-06T11:10:18.492Z","category":"USER"}