{"id":"629f3bd2ed0e3b40e93a5157","uuid":"c9134f31-6673-4f68-a210-eedae397a494","hash":"","name":"VVB","description":"VVB","entity":"VC","status":"DRAFT","readonly":false,"document":{"$id":"#c9134f31-6673-4f68-a210-eedae397a494","$comment":"{\"term\": \"c9134f31-6673-4f68-a210-eedae397a494\", \"@id\": \"https://ipfs.io/ipfs/bafkreicgqxu7dgaw265w3qqswpzcoydueam3nh4mi25tjuuwndzu7gxqla#c9134f31-6673-4f68-a210-eedae397a494\"}","title":"VVB","description":"VVB","type":"object","properties":{"@context":{"oneOf":[{"type":"string"},{"type":"array","items":{"type":"string"}}],"readOnly":true},"type":{"oneOf":[{"type":"string"},{"type":"array","items":{"type":"string"}}],"readOnly":true},"id":{"type":"string","readOnly":true},"field0":{"title":"VVB Name","description":"VVB Name","readOnly":false,"$comment":"{\"term\": \"field0\", \"@id\": \"https://www.schema.org/text\"}","type":"string"},"policyId":{"title":"policyId","description":"policyId","readOnly":true,"$comment":"{\"term\": \"policyId\", \"@id\": \"https://www.schema.org/text\"}","type":"string"},"ref":{"title":"ref","description":"ref","readOnly":true,"$comment":"{\"term\": \"ref\", \"@id\": \"https://www.schema.org/text\"}","type":"string"}},"required":["@context","type","field0","policyId"],"additionalProperties":false,"$defs":{}},"context":{"@context":{"@version":1.1,"@vocab":"https://w3id.org/traceability/#undefinedTerm","id":"@id","type":"@type","c9134f31-6673-4f68-a210-eedae397a494":{"@id":"https://ipfs.io/ipfs/bafkreidrearhcu6q5rfdb4wyss3p4heg2gmxbfijflefzo6jnur7rwb7ou#c9134f31-6673-4f68-a210-eedae397a494","@context":{"field0":{"@id":"https://www.schema.org/text"},"policyId":{"@id":"https://www.schema.org/text"},"ref":{"@id":"https://www.schema.org/text"}}}}},"version":"","creator":"did:hedera:testnet:7KgKWRsmK4bHpfMrjwxHoWwtf2b3smJNC86MJobHXZBv;hedera:testnet:tid=0.0.45916741","owner":"did:hedera:testnet:7KgKWRsmK4bHpfMrjwxHoWwtf2b3smJNC86MJobHXZBv;hedera:testnet:tid=0.0.45916741","topicId":"0.0.45916742","messageId":null,"documentURL":"https://ipfs.io/ipfs/bafkreiawssipaxyiebx5eriyb7mgtkdrnifxdayxcmexszhgjjyr3dzniq","contextURL":"https://ipfs.io/ipfs/bafkreicgqxu7dgaw265w3qqswpzcoydueam3nh4mi25tjuuwndzu7gxqla","iri":"#c9134f31-6673-4f68-a210-eedae397a494","createDate":"2022-06-07T11:51:46.544Z","category":"USER"}