{"id":"629f3bd5ed0e3b40e93a5159","uuid":"e9800d4c-e158-411e-9919-838c18368fee","hash":"","name":"Project Description (Auto)","description":"Project Description (Auto)","entity":"VC","status":"DRAFT","readonly":false,"document":{"$id":"#e9800d4c-e158-411e-9919-838c18368fee","$comment":"{\"term\": \"e9800d4c-e158-411e-9919-838c18368fee\", \"@id\": \"https://ipfs.io/ipfs/bafkreibcrucqumhgcnkkua6xo73i3r7xsoyspixokqolgul5q4xdu5u4vq#e9800d4c-e158-411e-9919-838c18368fee\"}","title":"Project Description (Auto)","description":"Project Description (Auto)","type":"object","properties":{"@context":{"oneOf":[{"type":"string"},{"type":"array","items":{"type":"string"}}],"readOnly":true},"type":{"oneOf":[{"type":"string"},{"type":"array","items":{"type":"string"}}],"readOnly":true},"id":{"type":"string","readOnly":true},"field0":{"title":"Summary of the Project Description","description":"Summary of the Project Description","readOnly":false,"$comment":"{\"term\": \"field0\", \"@id\": \"https://www.schema.org/text\"}","type":"string"},"field1":{"title":"Project Scope","description":"Project Scope","readOnly":false,"$comment":"{\"term\": \"field1\", \"@id\": \"https://www.schema.org/text\"}","type":"string"},"field2":{"title":"Project Category","description":"Project Category","readOnly":false,"type":"array","items":{"type":"string"},"$comment":"{\"term\": \"field2\", \"@id\": \"https://www.schema.org/text\"}"},"field3":{"title":"Type of Activity","description":"Type of Activity","readOnly":false,"type":"array","items":{"type":"string"},"$comment":"{\"term\": \"field3\", \"@id\": \"https://www.schema.org/text\"}"},"field4":{"title":"Project Eligibility","description":"Project Eligibility","readOnly":false,"$comment":"{\"term\": \"field4\", \"@id\": \"https://www.schema.org/text\"}","type":"string"},"field5":{"title":"Project Proponent Organization Name","description":"Project Proponent Organization Name","readOnly":false,"$comment":"{\"term\": \"field5\", \"@id\": \"https://www.schema.org/text\"}","type":"string"},"field6":{"title":"Project Proponent Contact Person","description":"Project Proponent Contact Person","readOnly":false,"$comment":"{\"term\": \"field6\", \"@id\": \"https://www.schema.org/text\"}","type":"string"},"field7":{"title":"Project Proponent Title ","description":"Project Proponent Title ","readOnly":false,"$comment":"{\"term\": \"field7\", \"@id\": \"https://www.schema.org/text\"}","type":"string"},"field8":{"title":"Project Proponent Address ","description":"Project Proponent Address ","readOnly":false,"$comment":"{\"term\": \"field8\", \"@id\": \"https://www.schema.org/text\"}","type":"string"},"field9":{"title":"Project Proponent Telephone ","description":"Project Proponent Telephone ","readOnly":false,"$comment":"{\"term\": \"field9\", \"@id\": \"https://www.schema.org/text\"}","type":"string"},"field10":{"title":"Project Proponent Email","description":"Project Proponent Email","readOnly":false,"$comment":"{\"term\": \"field10\", \"@id\": \"https://www.schema.org/text\"}","type":"string"},"field11":{"title":"Evidence of Ownership","description":"Evidence of Ownership","readOnly":false,"$comment":"{\"term\": \"field11\", \"@id\": \"https://www.schema.org/text\"}","type":"string"},"field12":{"title":"Title and Reference of Methodologies","description":"Title and Reference of Methodologies","readOnly":false,"type":"array","items":{"type":"string"},"$comment":"{\"term\": \"field12\", \"@id\": \"https://www.schema.org/text\"}"},"field13":{"title":"Description of Project Area","description":"Description of Project Area","readOnly":false,"$comment":"{\"term\": \"field13\", \"@id\": \"https://www.schema.org/text\"}","type":"string"},"field14":{"title":"Maps of the Project Area","description":"Maps of the Project Area","readOnly":false,"type":"array","items":{"type":"string","pattern":"^((https)://)?ipfs.io/ipfs/.+"},"$comment":"{\"term\": \"field14\", \"@id\": \"https://www.schema.org/text\"}"},"field15":{"title":"Crediting Period","description":"Crediting Period","readOnly":false,"$comment":"{\"term\": \"field15\", \"@id\": \"#666c6966-cf69-4b20-9304-877beaaff325\"}","$ref":"#666c6966-cf69-4b20-9304-877beaaff325"},"field16":{"title":"Monitoring Period","description":"Monitoring Period","readOnly":false,"type":"array","items":{"$ref":"#666c6966-cf69-4b20-9304-877beaaff325"},"$comment":"{\"term\": \"field16\", \"@id\": \"#666c6966-cf69-4b20-9304-877beaaff325\"}"},"field17":{"title":"Carbon Pools","description":"Carbon Pools","readOnly":false,"type":"array","items":{"type":"string"},"$comment":"{\"term\": \"field17\", \"@id\": \"https://www.schema.org/text\"}"},"field18":{"title":"GHG Sources","description":"GHG Sources","readOnly":false,"type":"array","items":{"type":"string"},"$comment":"{\"term\": \"field18\", \"@id\": \"https://www.schema.org/text\"}"},"field19":{"title":"Monitoring Plan","description":"Monitoring Plan","readOnly":false,"$comment":"{\"term\": \"field19\", \"@id\": \"https://www.schema.org/text\"}","type":"string"},"field20":{"title":"Annual area of planned deforestation (ha)","description":"Annual area of planned deforestation (ha)","readOnly":false,"type":"array","items":{"type":"number"},"$comment":"{\"term\": \"field20\", \"@id\": \"https://www.schema.org/text\"}"},"field21":{"title":"Pre-deforestation Aboveground Tree Biomass (tCO2e/ha)","description":"Pre-deforestation Aboveground Tree Biomass (tCO2e/ha)","readOnly":false,"$comment":"{\"term\": \"field21\", \"@id\": \"https://www.schema.org/text\"}","type":"number"},"field22":{"title":"Pre-deforestation Belowground Tree Biomass (tCO2e/ha)","description":"Pre-deforestation Belowground Tree Biomass (tCO2e/ha)","readOnly":false,"$comment":"{\"term\": \"field22\", \"@id\": \"https://www.schema.org/text\"}","type":"number"},"field23":{"title":"Pre-deforestation Aboveground Non-tree Biomass (tCO2e/ha)","description":"Pre-deforestation Aboveground Non-tree Biomass (tCO2e/ha)","readOnly":false,"$comment":"{\"term\": \"field23\", \"@id\": \"https://www.schema.org/text\"}","type":"number"},"field24":{"title":"Pre-deforestation Belowground Non-tree Biomass (tCO2e/ha)","description":"Pre-deforestation Belowground Non-tree Biomass (tCO2e/ha)","readOnly":false,"$comment":"{\"term\": \"field24\", \"@id\": \"https://www.schema.org/text\"}","type":"number"},"field25":{"title":"Post-deforestation Aboveground Tree Biomass (tCO2e/ha)","description":"Post-deforestation Aboveground Tree Biomass (tCO2e/ha)","readOnly":false,"$comment":"{\"term\": \"field25\", \"@id\": \"https://www.schema.org/text\"}","type":"number"},"field26":{"title":"Post-deforestation Belowground Tree Biomass (tCO2e/ha)","description":"Post-deforestation Belowground Tree Biomass (tCO2e/ha)","readOnly":false,"$comment":"{\"term\": \"field26\", \"@id\": \"https://www.schema.org/text\"}","type":"number"},"field27":{"title":"Post-deforestation Aboveground Non-tree Biomass (tCO2e/ha)","description":"Post-deforestation Aboveground Non-tree Biomass (tCO2e/ha)","readOnly":false,"$comment":"{\"term\": \"field27\", \"@id\": \"https://www.schema.org/text\"}","type":"number"},"field28":{"title":"Post-deforestation Belowground Non-tree Biomass (tCO2e/ha)","description":"Post-deforestation Belowground Non-tree Biomass (tCO2e/ha)","readOnly":false,"$comment":"{\"term\": \"field28\", \"@id\": \"https://www.schema.org/text\"}","type":"number"},"field29":{"title":"Delta Aboveground Tree Biomass (tCO2e/ha)","description":"Delta Aboveground Tree Biomass (tCO2e/ha)","readOnly":false,"$comment":"{\"term\": \"field29\", \"@id\": \"https://www.schema.org/text\"}","type":"number"},"field30":{"title":"Delta Belowground Tree Biomass (tCO2e/ha)","description":"Delta Belowground Tree Biomass (tCO2e/ha)","readOnly":false,"$comment":"{\"term\": \"field30\", \"@id\": \"https://www.schema.org/text\"}","type":"number"},"field31":{"title":"Delta Aboveground Non-tree Biomass (tCO2e/ha)","description":"Delta Aboveground Non-tree Biomass (tCO2e/ha)","readOnly":false,"$comment":"{\"term\": \"field31\", \"@id\": \"https://www.schema.org/text\"}","type":"number"},"field32":{"title":"Delta Belowground Non-tree Biomass (tCO2e/ha)","description":"Delta Belowground Non-tree Biomass (tCO2e/ha)","readOnly":false,"$comment":"{\"term\": \"field32\", \"@id\": \"https://www.schema.org/text\"}","type":"number"},"field33":{"title":"Total Baseline Carbon Stock Changes (tCO2e)","description":"Total Baseline Carbon Stock Changes (tCO2e)","readOnly":false,"type":"array","items":{"type":"number"},"$comment":"{\"term\": \"field33\", \"@id\": \"https://www.schema.org/text\"}"},"field34":{"title":"Baseline Non-CO2 GHG emissions (tCO2e)","description":"Baseline Non-CO2 GHG emissions (tCO2e)","readOnly":false,"type":"array","items":{"type":"number"},"$comment":"{\"term\": \"field34\", \"@id\": \"https://www.schema.org/text\"}"},"field35":{"title":"Net Baseline GHG Emissions (tCO2e)","description":"Net Baseline GHG Emissions (tCO2e)","readOnly":false,"type":"array","items":{"type":"number"},"$comment":"{\"term\": \"field35\", \"@id\": \"https://www.schema.org/text\"}"},"field36":{"title":"Projected deforestation in the project scenario (ha)","description":"Projected deforestation in the project scenario (ha)","readOnly":false,"type":"array","items":{"type":"number"},"$comment":"{\"term\": \"field36\", \"@id\": \"https://www.schema.org/text\"}"},"field37":{"title":"Carbon stock change from deforestation in the project scenario (tCO2e/ha)","description":"Carbon stock change from deforestation in the project scenario (tCO2e/ha)","readOnly":false,"$comment":"{\"term\": \"field37\", \"@id\": \"https://www.schema.org/text\"}","type":"number"},"field38":{"title":"Net carbon stock change from deforestation in the project area (tCO2e)","description":"Net carbon stock change from deforestation in the project area (tCO2e)","readOnly":false,"type":"array","items":{"type":"number"},"$comment":"{\"term\": \"field38\", \"@id\": \"https://www.schema.org/text\"}"},"field39":{"title":"Area potentially impacted by degradation in the project scenario (ha)","description":"Area potentially impacted by degradation in the project scenario (ha)","readOnly":false,"type":"array","items":{"type":"number"},"$comment":"{\"term\": \"field39\", \"@id\": \"https://www.schema.org/text\"}"},"field40":{"title":"Biomass carbon of trees cut and removed through degradation (tCO2e/ha)","description":"Biomass carbon of trees cut and removed through degradation (tCO2e/ha)","readOnly":false,"$comment":"{\"term\": \"field40\", \"@id\": \"https://www.schema.org/text\"}","type":"number"},"field41":{"title":"Net carbon stock change from degradation in the project area (tCO2e)","description":"Net carbon stock change from degradation in the project area (tCO2e)","readOnly":false,"type":"array","items":{"type":"number"},"$comment":"{\"term\": \"field41\", \"@id\": \"https://www.schema.org/text\"}"},"field42":{"title":"Area potentially impacted by natural disturbances in the project scenario (ha)","description":"Area potentially impacted by natural disturbances in the project scenario (ha)","readOnly":false,"type":"array","items":{"type":"number"},"$comment":"{\"term\": \"field42\", \"@id\": \"https://www.schema.org/text\"}"},"field43":{"title":"Carbon stock change from natural disturbance in the project scenario (tCO2e/ha)","description":"Carbon stock change from natural disturbance in the project scenario (tCO2e/ha)","readOnly":false,"$comment":"{\"term\": \"field43\", \"@id\": \"https://www.schema.org/text\"}","type":"number"},"field44":{"title":"Net carbon stock change from natural disturbance in the project area (tCO2e)","description":"Net carbon stock change from natural disturbance in the project area (tCO2e)","readOnly":false,"type":"array","items":{"type":"number"},"$comment":"{\"term\": \"field44\", \"@id\": \"https://www.schema.org/text\"}"},"field45":{"title":"Project Non-CO2 GHG emissions (tCO2e)","description":"Project Non-CO2 GHG emissions (tCO2e)","readOnly":false,"type":"array","items":{"type":"string"},"$comment":"{\"term\": \"field45\", \"@id\": \"https://www.schema.org/text\"}"},"field46":{"title":"Net Project GHG Emissions (tCO2e)","description":"Net Project GHG Emissions (tCO2e)","readOnly":false,"type":"array","items":{"type":"number"},"$comment":"{\"term\": \"field46\", \"@id\": \"https://www.schema.org/text\"}"},"field47":{"title":"Leakage (tCO2e)","description":"Leakage (tCO2e)","readOnly":false,"type":"array","items":{"type":"number"},"$comment":"{\"term\": \"field47\", \"@id\": \"https://www.schema.org/text\"}"},"field48":{"title":"Net GHG Emission Reductions and Removals (tCO2e)","description":"Net GHG Emission Reductions and Removals (tCO2e)","readOnly":false,"type":"array","items":{"type":"number"},"$comment":"{\"term\": \"field48\", \"@id\": \"https://www.schema.org/text\"}"},"field49":{"title":"AFOLU Risk Rating (%)","description":"AFOLU Risk Rating (%)","readOnly":false,"$comment":"{\"term\": \"field49\", \"@id\": \"https://www.schema.org/text\"}","type":"number"},"field50":{"title":"Pooled Buffer Account Contribution (tCO2e)","description":"Pooled Buffer Account Contribution (tCO2e)","readOnly":false,"type":"array","items":{"type":"number"},"$comment":"{\"term\": \"field50\", \"@id\": \"https://www.schema.org/text\"}"},"field51":{"title":"Net GHG Benefit Adjusted for Uncertainty (tCO2e)","description":"Net GHG Benefit Adjusted for Uncertainty (tCO2e)","readOnly":false,"type":"array","items":{"type":"number"},"$comment":"{\"term\": \"field51\", \"@id\": \"https://www.schema.org/text\"}"},"field52":{"title":"Calculation of VCUs ","description":"Calculation of VCUs ","readOnly":false,"type":"array","items":{"type":"number"},"$comment":"{\"term\": \"field52\", \"@id\": \"https://www.schema.org/text\"}"},"policyId":{"title":"policyId","description":"policyId","readOnly":true,"$comment":"{\"term\": \"policyId\", \"@id\": \"https://www.schema.org/text\"}","type":"string"},"ref":{"title":"ref","description":"ref","readOnly":true,"$comment":"{\"term\": \"ref\", \"@id\": \"https://www.schema.org/text\"}","type":"string"}},"required":["@context","type","field0","field1","field2","field3","field4","field5","field6","field7","field8","field9","field10","field11","field12","field13","field14","field15","field16","field17","field18","field19","field20","field21","field22","field23","field24","field25","field26","field27","field28","field29","field30","field31","field32","field33","field34","field35","field36","field37","field38","field39","field40","field41","field42","field43","field44","field45","field46","field47","field48","field49","field50","field51","field52","policyId"],"additionalProperties":false,"$defs":{"#666c6966-cf69-4b20-9304-877beaaff325":{"$id":"#666c6966-cf69-4b20-9304-877beaaff325","$comment":"{\"term\": \"666c6966-cf69-4b20-9304-877beaaff325\", \"@id\": \"#666c6966-cf69-4b20-9304-877beaaff325\"}","title":"Date Range","description":"Date Range","type":"object","properties":{"@context":{"oneOf":[{"type":"string"},{"type":"array","items":{"type":"string"}}],"readOnly":true},"type":{"oneOf":[{"type":"string"},{"type":"array","items":{"type":"string"}}],"readOnly":true},"id":{"type":"string","readOnly":true},"field0":{"title":"From","description":"From","readOnly":false,"$comment":"{\"term\": \"field0\", \"@id\": \"https://www.schema.org/text\"}","type":"string","format":"date"},"field1":{"title":"To","description":"To","readOnly":false,"$comment":"{\"term\": \"field1\", \"@id\": \"https://www.schema.org/text\"}","type":"string","format":"date"}},"required":["@context","type","field0","field1"],"additionalProperties":false}}},"context":{"@context":{"@version":1.1,"@vocab":"https://w3id.org/traceability/#undefinedTerm","id":"@id","type":"@type","666c6966-cf69-4b20-9304-877beaaff325":{"@id":"#666c6966-cf69-4b20-9304-877beaaff325","@context":{"field0":{"@id":"https://www.schema.org/text"},"field1":{"@id":"https://www.schema.org/text"}}},"e9800d4c-e158-411e-9919-838c18368fee":{"@id":"https://ipfs.io/ipfs/bafkreihvgyvqaexhv3jrmntlhiay4e5wme476wic4wqmjjr7trmrsz7fla#e9800d4c-e158-411e-9919-838c18368fee","@context":{"field0":{"@id":"https://www.schema.org/text"},"field1":{"@id":"https://www.schema.org/text"},"field2":{"@id":"https://www.schema.org/text"},"field3":{"@id":"https://www.schema.org/text"},"field4":{"@id":"https://www.schema.org/text"},"field5":{"@id":"https://www.schema.org/text"},"field6":{"@id":"https://www.schema.org/text"},"field7":{"@id":"https://www.schema.org/text"},"field8":{"@id":"https://www.schema.org/text"},"field9":{"@id":"https://www.schema.org/text"},"field10":{"@id":"https://www.schema.org/text"},"field11":{"@id":"https://www.schema.org/text"},"field12":{"@id":"https://www.schema.org/text"},"field13":{"@id":"https://www.schema.org/text"},"field14":{"@id":"https://www.schema.org/text"},"field17":{"@id":"https://www.schema.org/text"},"field18":{"@id":"https://www.schema.org/text"},"field19":{"@id":"https://www.schema.org/text"},"field20":{"@id":"https://www.schema.org/text"},"field21":{"@id":"https://www.schema.org/text"},"field22":{"@id":"https://www.schema.org/text"},"field23":{"@id":"https://www.schema.org/text"},"field24":{"@id":"https://www.schema.org/text"},"field25":{"@id":"https://www.schema.org/text"},"field26":{"@id":"https://www.schema.org/text"},"field27":{"@id":"https://www.schema.org/text"},"field28":{"@id":"https://www.schema.org/text"},"field29":{"@id":"https://www.schema.org/text"},"field30":{"@id":"https://www.schema.org/text"},"field31":{"@id":"https://www.schema.org/text"},"field32":{"@id":"https://www.schema.org/text"},"field33":{"@id":"https://www.schema.org/text"},"field34":{"@id":"https://www.schema.org/text"},"field35":{"@id":"https://www.schema.org/text"},"field36":{"@id":"https://www.schema.org/text"},"field37":{"@id":"https://www.schema.org/text"},"field38":{"@id":"https://www.schema.org/text"},"field39":{"@id":"https://www.schema.org/text"},"field40":{"@id":"https://www.schema.org/text"},"field41":{"@id":"https://www.schema.org/text"},"field42":{"@id":"https://www.schema.org/text"},"field43":{"@id":"https://www.schema.org/text"},"field44":{"@id":"https://www.schema.org/text"},"field45":{"@id":"https://www.schema.org/text"},"field46":{"@id":"https://www.schema.org/text"},"field47":{"@id":"https://www.schema.org/text"},"field48":{"@id":"https://www.schema.org/text"},"field49":{"@id":"https://www.schema.org/text"},"field50":{"@id":"https://www.schema.org/text"},"field51":{"@id":"https://www.schema.org/text"},"field52":{"@id":"https://www.schema.org/text"},"policyId":{"@id":"https://www.schema.org/text"},"ref":{"@id":"https://www.schema.org/text"},"field15":{"@id":"#666c6966-cf69-4b20-9304-877beaaff325"},"field16":{"@id":"#666c6966-cf69-4b20-9304-877beaaff325"}}}}},"version":"","creator":"did:hedera:testnet:7KgKWRsmK4bHpfMrjwxHoWwtf2b3smJNC86MJobHXZBv;hedera:testnet:tid=0.0.45916741","owner":"did:hedera:testnet:7KgKWRsmK4bHpfMrjwxHoWwtf2b3smJNC86MJobHXZBv;hedera:testnet:tid=0.0.45916741","topicId":"0.0.45916742","messageId":null,"documentURL":"https://ipfs.io/ipfs/bafkreihiy3tfeaozhqnmpg7dw4vmqxw7s5dizfrvwflm2a3jkln5akcita","contextURL":"https://ipfs.io/ipfs/bafkreibcrucqumhgcnkkua6xo73i3r7xsoyspixokqolgul5q4xdu5u4vq","iri":"#e9800d4c-e158-411e-9919-838c18368fee","createDate":"2022-06-07T11:51:49.691Z","category":"USER"}