{"id":"629fc507d83e71ed9d7ad5a1","uuid":"e9727fd8-4790-4ec1-b457-50d06b0aafcc","hash":"","name":"VVB","description":"VVB","entity":"VC","status":"DRAFT","readonly":false,"document":{"$id":"#e9727fd8-4790-4ec1-b457-50d06b0aafcc","$comment":"{\"term\": \"e9727fd8-4790-4ec1-b457-50d06b0aafcc\", \"@id\": \"https://ipfs.io/ipfs/bafkreie6f5dgaroebsg6dacwjuergu4vddkj4xygnu2esndk5ihht6ukzm#e9727fd8-4790-4ec1-b457-50d06b0aafcc\"}","title":"VVB","description":"VVB","type":"object","properties":{"@context":{"oneOf":[{"type":"string"},{"type":"array","items":{"type":"string"}}],"readOnly":true},"type":{"oneOf":[{"type":"string"},{"type":"array","items":{"type":"string"}}],"readOnly":true},"id":{"type":"string","readOnly":true},"field0":{"title":"VVB Name","description":"VVB Name","readOnly":false,"$comment":"{\"term\": \"field0\", \"@id\": \"https://www.schema.org/text\"}","type":"string"},"policyId":{"title":"policyId","description":"policyId","readOnly":true,"$comment":"{\"term\": \"policyId\", \"@id\": \"https://www.schema.org/text\"}","type":"string"},"ref":{"title":"ref","description":"ref","readOnly":true,"$comment":"{\"term\": \"ref\", \"@id\": \"https://www.schema.org/text\"}","type":"string"}},"required":["@context","type","field0","policyId"],"additionalProperties":false,"$defs":{}},"context":{"@context":{"@version":1.1,"@vocab":"https://w3id.org/traceability/#undefinedTerm","id":"@id","type":"@type","e9727fd8-4790-4ec1-b457-50d06b0aafcc":{"@id":"https://ipfs.io/ipfs/bafkreidrearhcu6q5rfdb4wyss3p4heg2gmxbfijflefzo6jnur7rwb7ou#e9727fd8-4790-4ec1-b457-50d06b0aafcc","@context":{"field0":{"@id":"https://www.schema.org/text"},"policyId":{"@id":"https://www.schema.org/text"},"ref":{"@id":"https://www.schema.org/text"}}}}},"version":"","creator":"did:hedera:testnet:4iD2aCFmNHCWCo6fvqM4cso13fsATo56SAgMpY8a1QeS;hedera:testnet:tid=0.0.45919844","owner":"did:hedera:testnet:4iD2aCFmNHCWCo6fvqM4cso13fsATo56SAgMpY8a1QeS;hedera:testnet:tid=0.0.45919844","topicId":"0.0.45919845","messageId":null,"documentURL":"https://ipfs.io/ipfs/bafkreicqhqbmsexcwoc3rrlxvbuhqgi244hsgy7d6vjm3xf7mhc33ikky4","contextURL":"https://ipfs.io/ipfs/bafkreie6f5dgaroebsg6dacwjuergu4vddkj4xygnu2esndk5ihht6ukzm","iri":"#e9727fd8-4790-4ec1-b457-50d06b0aafcc","createDate":"2022-06-07T21:37:11.637Z","category":"USER"}