{"id":"6239ac632cd812e9f0f5cdda","uuid":"0afcf3da-2c39-4889-bab7-f4e735a63e23","hash":"","name":"VVB","description":"VVB","entity":"VC","status":"PUBLISHED","readonly":false,"document":"{\"$id\":\"#0afcf3da-2c39-4889-bab7-f4e735a63e23&1.0.0\",\"$comment\":\"{\\\"term\\\": \\\"0afcf3da-2c39-4889-bab7-f4e735a63e23&1.0.0\\\", \\\"@id\\\": \\\"https://ipfs.io/ipfs/bafkreianrz2luxb6bpgm6dlzwzw3qpbyy5ueimocv3gaftzmpoubxhzck4#0afcf3da-2c39-4889-bab7-f4e735a63e23&1.0.0\\\"}\",\"title\":\"VVB\",\"description\":\"VVB\",\"type\":\"object\",\"properties\":{\"@context\":{\"oneOf\":[{\"type\":\"string\"},{\"type\":\"array\",\"items\":{\"type\":\"string\"}}],\"readOnly\":true},\"type\":{\"oneOf\":[{\"type\":\"string\"},{\"type\":\"array\",\"items\":{\"type\":\"string\"}}],\"readOnly\":true},\"id\":{\"type\":\"string\",\"readOnly\":true},\"field0\":{\"title\":\"VVB Name\",\"description\":\"VVB Name\",\"readOnly\":false,\"$comment\":\"{\\\"term\\\": \\\"field0\\\", \\\"@id\\\": \\\"https://www.schema.org/text\\\"}\",\"type\":\"string\"},\"policyId\":{\"title\":\"policyId\",\"description\":\"policyId\",\"readOnly\":true,\"$comment\":\"{\\\"term\\\": \\\"policyId\\\", \\\"@id\\\": \\\"https://www.schema.org/text\\\"}\",\"type\":\"string\"},\"ref\":{\"title\":\"ref\",\"description\":\"ref\",\"readOnly\":true,\"$comment\":\"{\\\"term\\\": \\\"ref\\\", \\\"@id\\\": \\\"https://www.schema.org/text\\\"}\",\"type\":\"string\"}},\"required\":[\"@context\",\"type\",\"field0\",\"policyId\"],\"additionalProperties\":false,\"$defs\":{}}","context":"{\"@context\":{\"@version\":1.1,\"@vocab\":\"https://w3id.org/traceability/#undefinedTerm\",\"id\":\"@id\",\"type\":\"@type\",\"0afcf3da-2c39-4889-bab7-f4e735a63e23&1.0.0\":{\"@id\":\"https://ipfs.io/ipfs/bafkreianrz2luxb6bpgm6dlzwzw3qpbyy5ueimocv3gaftzmpoubxhzck4#0afcf3da-2c39-4889-bab7-f4e735a63e23&1.0.0\",\"@context\":{\"field0\":{\"@id\":\"https://www.schema.org/text\"},\"policyId\":{\"@id\":\"https://www.schema.org/text\"},\"ref\":{\"@id\":\"https://www.schema.org/text\"}}}}}","version":"1.0.0","creator":"did:hedera:testnet:HRZKgd2GDUXuayaUnaukofnig3AvMaiz4ZsQPryR2NqK;hedera:testnet:fid=0.0.33996478","owner":"did:hedera:testnet:HRZKgd2GDUXuayaUnaukofnig3AvMaiz4ZsQPryR2NqK;hedera:testnet:fid=0.0.33996478","topicId":"","messageId":"1647947667.867925000","documentURL":"https://ipfs.io/ipfs/bafkreih4krtsjkftnopuizqjf6zcl6jzgmbyjec5lkcn2a63irgv7buq7q","contextURL":"https://ipfs.io/ipfs/bafkreiezyoueumilgyinppxcdunlwtu2wz7ozhgfftwg5d5jk4v2nyubta","iri":"#0afcf3da-2c39-4889-bab7-f4e735a63e23&1.0.0","category":"USER"}