{"id":"623dd309fd17325440520931","uuid":"37964f64-8d15-4bce-a020-adc641b3bc9d","hash":"","name":"Date Range","description":"Date Range","entity":"NONE","status":"DRAFT","readonly":false,"document":"{\"$id\":\"#37964f64-8d15-4bce-a020-adc641b3bc9d\",\"$comment\":\"{\\\"term\\\": \\\"37964f64-8d15-4bce-a020-adc641b3bc9d\\\", \\\"@id\\\": \\\"https://ipfs.io/ipfs/bafkreiedyn5ztbshx4ihd65sl5gb6nwqluig5ui2z6jbb2wk6wopmr62w4#37964f64-8d15-4bce-a020-adc641b3bc9d\\\"}\",\"title\":\"Date Range\",\"description\":\"Date Range\",\"type\":\"object\",\"properties\":{\"@context\":{\"oneOf\":[{\"type\":\"string\"},{\"type\":\"array\",\"items\":{\"type\":\"string\"}}],\"readOnly\":true},\"type\":{\"oneOf\":[{\"type\":\"string\"},{\"type\":\"array\",\"items\":{\"type\":\"string\"}}],\"readOnly\":true},\"id\":{\"type\":\"string\",\"readOnly\":true},\"field0\":{\"title\":\"From\",\"description\":\"From\",\"readOnly\":false,\"$comment\":\"{\\\"term\\\": \\\"field0\\\", \\\"@id\\\": \\\"https://www.schema.org/text\\\"}\",\"type\":\"string\",\"format\":\"date\"},\"field1\":{\"title\":\"To\",\"description\":\"To\",\"readOnly\":false,\"$comment\":\"{\\\"term\\\": \\\"field1\\\", \\\"@id\\\": \\\"https://www.schema.org/text\\\"}\",\"type\":\"string\",\"format\":\"date\"}},\"required\":[\"@context\",\"type\",\"field0\",\"field1\"],\"additionalProperties\":false,\"$defs\":{}}","context":"{\"@context\":{\"@version\":1.1,\"@vocab\":\"https://w3id.org/traceability/#undefinedTerm\",\"id\":\"@id\",\"type\":\"@type\",\"37964f64-8d15-4bce-a020-adc641b3bc9d\":{\"@id\":\"#37964f64-8d15-4bce-a020-adc641b3bc9d\",\"@context\":{\"field0\":{\"@id\":\"https://www.schema.org/text\"},\"field1\":{\"@id\":\"https://www.schema.org/text\"}}}}}","version":"","creator":"did:hedera:testnet:8SN5iR3Rw3CuGAysqaaXCCPwzNvbH1DGbPq9LRxE8FYt;hedera:testnet:fid=0.0.34018213","owner":"did:hedera:testnet:8SN5iR3Rw3CuGAysqaaXCCPwzNvbH1DGbPq9LRxE8FYt;hedera:testnet:fid=0.0.34018213","topicId":"","messageId":null,"documentURL":"https://ipfs.io/ipfs/bafkreiey7p2dpsypm5uka5hrlv2eymv5sjksol5kldfubnivwswszpcike","contextURL":"https://ipfs.io/ipfs/bafkreiedyn5ztbshx4ihd65sl5gb6nwqluig5ui2z6jbb2wk6wopmr62w4","iri":"#37964f64-8d15-4bce-a020-adc641b3bc9d","category":"USER"}