{"id":"623dd309fd17325440520930","uuid":"7e00eef1-d32c-434a-a500-73d0f8b066ea","hash":"","name":"MintNFToken","entity":"MINT_NFTOKEN","status":"PUBLISHED","readonly":true,"document":"{\"$id\":\"#7e00eef1-d32c-434a-a500-73d0f8b066ea&1.0.0\",\"$comment\":\"{\\\"term\\\": \\\"7e00eef1-d32c-434a-a500-73d0f8b066ea&1.0.0\\\", \\\"@id\\\": \\\"https://ipfs.io/ipfs/bafkreicbgrsy37mli7zuusfvf2e7ds6yx3ma5pnoyxgrlh43qyfoeqa2ze#7e00eef1-d32c-434a-a500-73d0f8b066ea&1.0.0\\\"}\",\"title\":\"MintNFToken\",\"description\":\"MintNFToken\",\"type\":\"object\",\"properties\":{\"@context\":{\"oneOf\":[{\"type\":\"string\"},{\"type\":\"array\",\"items\":{\"type\":\"string\"}}],\"readOnly\":true},\"type\":{\"oneOf\":[{\"type\":\"string\"},{\"type\":\"array\",\"items\":{\"type\":\"string\"}}],\"readOnly\":true},\"id\":{\"type\":\"string\",\"readOnly\":true},\"date\":{\"$comment\":\"{\\\"term\\\": \\\"date\\\", \\\"@id\\\": \\\"https://www.schema.org/text\\\"}\",\"title\":\"date\",\"description\":\"date\",\"type\":\"string\",\"readOnly\":false},\"serials\":{\"$comment\":\"{\\\"term\\\": \\\"serials\\\", \\\"@id\\\": \\\"https://www.schema.org/text\\\"}\",\"title\":\"serials\",\"description\":\"serials\",\"type\":\"array\",\"items\":{\"type\":\"string\"},\"readOnly\":false},\"tokenId\":{\"$comment\":\"{\\\"term\\\": \\\"tokenId\\\", \\\"@id\\\": \\\"https://www.schema.org/text\\\"}\",\"title\":\"tokenId\",\"description\":\"tokenId\",\"type\":\"string\",\"readOnly\":false}},\"required\":[\"date\",\"serials\",\"tokenId\"],\"additionalProperties\":false}","context":"{\"@context\":{\"@version\":1.1,\"@vocab\":\"https://w3id.org/traceability/#undefinedTerm\",\"id\":\"@id\",\"type\":\"@type\",\"7e00eef1-d32c-434a-a500-73d0f8b066ea&1.0.0\":{\"@id\":\"https://ipfs.io/ipfs/bafkreicbgrsy37mli7zuusfvf2e7ds6yx3ma5pnoyxgrlh43qyfoeqa2ze#7e00eef1-d32c-434a-a500-73d0f8b066ea&1.0.0\",\"@context\":{\"date\":{\"@id\":\"https://www.schema.org/text\"},\"serials\":{\"@id\":\"https://www.schema.org/text\"},\"tokenId\":{\"@id\":\"https://www.schema.org/text\"}}}}}","version":"1.0.0","creator":"did:hedera:testnet:8SN5iR3Rw3CuGAysqaaXCCPwzNvbH1DGbPq9LRxE8FYt;hedera:testnet:fid=0.0.34018213","owner":"did:hedera:testnet:8SN5iR3Rw3CuGAysqaaXCCPwzNvbH1DGbPq9LRxE8FYt;hedera:testnet:fid=0.0.34018213","topicId":"0.0.29614911","messageId":"1648219000.467957496","documentURL":"https://ipfs.io/ipfs/bafkreibu2m36krxcp36id3vagckobf7363xvuasw7e2y2wkrz3vaj24krm","contextURL":"https://ipfs.io/ipfs/bafkreig7ydbkcv7mlocs4ve6ks5tuktsvyk3u5uitb3nqfiyvpumhfo7wq","iri":"#7e00eef1-d32c-434a-a500-73d0f8b066ea&1.0.0","category":"SYSTEM"}