{"id":"6221de58572639847c8cc207","uuid":"bdc72e29-a36c-4a04-8d4a-dd5f06ca2700","hash":"","name":"Monitoring Report (Form)","description":"Monitoring Report (Form)","entity":"VC","status":"PUBLISHED","readonly":false,"document":"{\"$id\":\"#bdc72e29-a36c-4a04-8d4a-dd5f06ca2700&1.0.0\",\"$comment\":\"{\\\"term\\\": \\\"bdc72e29-a36c-4a04-8d4a-dd5f06ca2700&1.0.0\\\", \\\"@id\\\": \\\"https://ipfs.io/ipfs/bafkreie6fovb37xnsg2klfwkkzezthhjq7lrnnid5m4lp5xuyfr6axmmhi#bdc72e29-a36c-4a04-8d4a-dd5f06ca2700&1.0.0\\\"}\",\"title\":\"Monitoring Report (Form)\",\"description\":\"Monitoring Report (Form)\",\"type\":\"object\",\"properties\":{\"@context\":{\"oneOf\":[{\"type\":\"string\"},{\"type\":\"array\",\"items\":{\"type\":\"string\"}}],\"readOnly\":true},\"type\":{\"oneOf\":[{\"type\":\"string\"},{\"type\":\"array\",\"items\":{\"type\":\"string\"}}],\"readOnly\":true},\"id\":{\"type\":\"string\",\"readOnly\":true},\"field0\":{\"title\":\"Summary of the Project Description\",\"description\":\"Summary of the Project Description\",\"readOnly\":false,\"$comment\":\"{\\\"term\\\": \\\"field0\\\", \\\"@id\\\": \\\"https://www.schema.org/text\\\"}\",\"type\":\"string\"},\"field1\":{\"title\":\"Project Scope\",\"description\":\"Project Scope\",\"readOnly\":false,\"$comment\":\"{\\\"term\\\": \\\"field1\\\", \\\"@id\\\": \\\"https://www.schema.org/text\\\"}\",\"type\":\"string\"},\"field2\":{\"title\":\"Project Category\",\"description\":\"Project Category\",\"readOnly\":false,\"type\":\"array\",\"items\":{\"type\":\"string\"},\"$comment\":\"{\\\"term\\\": \\\"field2\\\", \\\"@id\\\": \\\"https://www.schema.org/text\\\"}\"},\"field3\":{\"title\":\"Type of Activity\",\"description\":\"Type of Activity\",\"readOnly\":false,\"type\":\"array\",\"items\":{\"type\":\"string\"},\"$comment\":\"{\\\"term\\\": \\\"field3\\\", \\\"@id\\\": \\\"https://www.schema.org/text\\\"}\"},\"field4\":{\"title\":\"Project Eligibility\",\"description\":\"Project Eligibility\",\"readOnly\":false,\"$comment\":\"{\\\"term\\\": \\\"field4\\\", \\\"@id\\\": \\\"https://www.schema.org/text\\\"}\",\"type\":\"string\"},\"field5\":{\"title\":\"Project Proponent Organization Name\",\"description\":\"Project Proponent Organization Name\",\"readOnly\":false,\"$comment\":\"{\\\"term\\\": \\\"field5\\\", \\\"@id\\\": \\\"https://www.schema.org/text\\\"}\",\"type\":\"string\"},\"field6\":{\"title\":\"Project Proponent Contact Person\",\"description\":\"Project Proponent Contact Person\",\"readOnly\":false,\"$comment\":\"{\\\"term\\\": \\\"field6\\\", \\\"@id\\\": \\\"https://www.schema.org/text\\\"}\",\"type\":\"string\"},\"field7\":{\"title\":\"Project Proponent Title \",\"description\":\"Project Proponent Title \",\"readOnly\":false,\"$comment\":\"{\\\"term\\\": \\\"field7\\\", \\\"@id\\\": \\\"https://www.schema.org/text\\\"}\",\"type\":\"string\"},\"field8\":{\"title\":\"Project Proponent Address \",\"description\":\"Project Proponent Address \",\"readOnly\":false,\"$comment\":\"{\\\"term\\\": \\\"field8\\\", \\\"@id\\\": \\\"https://www.schema.org/text\\\"}\",\"type\":\"string\"},\"field9\":{\"title\":\"Project Proponent Telephone \",\"description\":\"Project Proponent Telephone \",\"readOnly\":false,\"$comment\":\"{\\\"term\\\": \\\"field9\\\", \\\"@id\\\": \\\"https://www.schema.org/text\\\"}\",\"type\":\"string\"},\"field10\":{\"title\":\"Project Proponent Email\",\"description\":\"Project Proponent Email\",\"readOnly\":false,\"$comment\":\"{\\\"term\\\": \\\"field10\\\", \\\"@id\\\": \\\"https://www.schema.org/text\\\"}\",\"type\":\"string\"},\"field11\":{\"title\":\"Evidence of Ownership\",\"description\":\"Evidence of Ownership\",\"readOnly\":false,\"$comment\":\"{\\\"term\\\": \\\"field11\\\", \\\"@id\\\": \\\"https://www.schema.org/text\\\"}\",\"type\":\"string\"},\"field12\":{\"title\":\"Title and Reference of Methodologies\",\"description\":\"Title and Reference of Methodologies\",\"readOnly\":false,\"type\":\"array\",\"items\":{\"type\":\"string\"},\"$comment\":\"{\\\"term\\\": \\\"field12\\\", \\\"@id\\\": \\\"https://www.schema.org/text\\\"}\"},\"field13\":{\"title\":\"Description of Project Area\",\"description\":\"Description of Project Area\",\"readOnly\":false,\"$comment\":\"{\\\"term\\\": \\\"field13\\\", \\\"@id\\\": \\\"https://www.schema.org/text\\\"}\",\"type\":\"string\"},\"field14\":{\"title\":\"Maps of the Project Area\",\"description\":\"Maps of the Project Area\",\"readOnly\":false,\"type\":\"array\",\"items\":{\"type\":\"string\",\"pattern\":\"^((https)://)?ipfs.io/ipfs/.+\"},\"$comment\":\"{\\\"term\\\": \\\"field14\\\", \\\"@id\\\": \\\"https://www.schema.org/text\\\"}\"},\"field15\":{\"title\":\"Crediting Period\",\"description\":\"Crediting Period\",\"readOnly\":false,\"$comment\":\"{\\\"term\\\": \\\"field15\\\", \\\"@id\\\": \\\"https://ipfs.io/ipfs/bafkreicz727234tkhqv7vl7pncgccbqidwtm5i4vckl4ph6mvievbj2wie#ea255720-d50d-439c-9a14-7c3a59a64a2b\\\"}\",\"$ref\":\"#ea255720-d50d-439c-9a14-7c3a59a64a2b\"},\"field16\":{\"title\":\"Monitoring Period\",\"description\":\"Monitoring Period\",\"readOnly\":false,\"type\":\"array\",\"items\":{\"$ref\":\"#ea255720-d50d-439c-9a14-7c3a59a64a2b\"},\"$comment\":\"{\\\"term\\\": \\\"field16\\\", \\\"@id\\\": \\\"https://ipfs.io/ipfs/bafkreicz727234tkhqv7vl7pncgccbqidwtm5i4vckl4ph6mvievbj2wie#ea255720-d50d-439c-9a14-7c3a59a64a2b\\\"}\"},\"field17\":{\"title\":\"Carbon Pools\",\"description\":\"Carbon Pools\",\"readOnly\":false,\"type\":\"array\",\"items\":{\"type\":\"string\"},\"$comment\":\"{\\\"term\\\": \\\"field17\\\", \\\"@id\\\": \\\"https://www.schema.org/text\\\"}\"},\"field18\":{\"title\":\"GHG Sources\",\"description\":\"GHG Sources\",\"readOnly\":false,\"type\":\"array\",\"items\":{\"type\":\"string\"},\"$comment\":\"{\\\"term\\\": \\\"field18\\\", \\\"@id\\\": \\\"https://www.schema.org/text\\\"}\"},\"field19\":{\"title\":\"Monitoring Plan\",\"description\":\"Monitoring Plan\",\"readOnly\":false,\"$comment\":\"{\\\"term\\\": \\\"field19\\\", \\\"@id\\\": \\\"https://www.schema.org/text\\\"}\",\"type\":\"string\"},\"field20\":{\"title\":\"Annual area of planned deforestation (ha)\",\"description\":\"Annual area of planned deforestation (ha)\",\"readOnly\":false,\"type\":\"array\",\"items\":{\"type\":\"number\"},\"$comment\":\"{\\\"term\\\": \\\"field20\\\", \\\"@id\\\": \\\"https://www.schema.org/text\\\"}\"},\"field21\":{\"title\":\"Pre-deforestation Aboveground Tree Biomass (tCO2e/ha)\",\"description\":\"Pre-deforestation Aboveground Tree Biomass (tCO2e/ha)\",\"readOnly\":false,\"$comment\":\"{\\\"term\\\": \\\"field21\\\", \\\"@id\\\": \\\"https://www.schema.org/text\\\"}\",\"type\":\"number\"},\"field22\":{\"title\":\"Pre-deforestation Belowground Tree Biomass (tCO2e/ha)\",\"description\":\"Pre-deforestation Belowground Tree Biomass (tCO2e/ha)\",\"readOnly\":false,\"$comment\":\"{\\\"term\\\": \\\"field22\\\", \\\"@id\\\": \\\"https://www.schema.org/text\\\"}\",\"type\":\"number\"},\"field23\":{\"title\":\"Pre-deforestation Aboveground Non-tree Biomass (tCO2e/ha)\",\"description\":\"Pre-deforestation Aboveground Non-tree Biomass (tCO2e/ha)\",\"readOnly\":false,\"$comment\":\"{\\\"term\\\": \\\"field23\\\", \\\"@id\\\": \\\"https://www.schema.org/text\\\"}\",\"type\":\"number\"},\"field24\":{\"title\":\"Pre-deforestation Belowground Non-tree Biomass (tCO2e/ha)\",\"description\":\"Pre-deforestation Belowground Non-tree Biomass (tCO2e/ha)\",\"readOnly\":false,\"$comment\":\"{\\\"term\\\": \\\"field24\\\", \\\"@id\\\": \\\"https://www.schema.org/text\\\"}\",\"type\":\"number\"},\"field25\":{\"title\":\"Post-deforestation Aboveground Tree Biomass (tCO2e/ha)\",\"description\":\"Post-deforestation Aboveground Tree Biomass (tCO2e/ha)\",\"readOnly\":false,\"$comment\":\"{\\\"term\\\": \\\"field25\\\", \\\"@id\\\": \\\"https://www.schema.org/text\\\"}\",\"type\":\"number\"},\"field26\":{\"title\":\"Post-deforestation Belowground Tree Biomass (tCO2e/ha)\",\"description\":\"Post-deforestation Belowground Tree Biomass (tCO2e/ha)\",\"readOnly\":false,\"$comment\":\"{\\\"term\\\": \\\"field26\\\", \\\"@id\\\": \\\"https://www.schema.org/text\\\"}\",\"type\":\"number\"},\"field27\":{\"title\":\"Post-deforestation Aboveground Non-tree Biomass (tCO2e/ha)\",\"description\":\"Post-deforestation Aboveground Non-tree Biomass (tCO2e/ha)\",\"readOnly\":false,\"$comment\":\"{\\\"term\\\": \\\"field27\\\", \\\"@id\\\": \\\"https://www.schema.org/text\\\"}\",\"type\":\"number\"},\"field28\":{\"title\":\"Post-deforestation Belowground Non-tree Biomass (tCO2e/ha)\",\"description\":\"Post-deforestation Belowground Non-tree Biomass (tCO2e/ha)\",\"readOnly\":false,\"$comment\":\"{\\\"term\\\": \\\"field28\\\", \\\"@id\\\": \\\"https://www.schema.org/text\\\"}\",\"type\":\"number\"},\"field29\":{\"title\":\"Baseline Non-CO2 GHG emissions (tCO2e)\",\"description\":\"Baseline Non-CO2 GHG emissions (tCO2e)\",\"readOnly\":false,\"type\":\"array\",\"items\":{\"type\":\"number\"},\"$comment\":\"{\\\"term\\\": \\\"field29\\\", \\\"@id\\\": \\\"https://www.schema.org/text\\\"}\"},\"field30\":{\"title\":\"Projected deforestation in the project scenario (ha)\",\"description\":\"Projected deforestation in the project scenario (ha)\",\"readOnly\":false,\"type\":\"array\",\"items\":{\"type\":\"number\"},\"$comment\":\"{\\\"term\\\": \\\"field30\\\", \\\"@id\\\": \\\"https://www.schema.org/text\\\"}\"},\"field31\":{\"title\":\"Area potentially impacted by degradation in the project scenario (ha)\",\"description\":\"Area potentially impacted by degradation in the project scenario (ha)\",\"readOnly\":false,\"type\":\"array\",\"items\":{\"type\":\"number\"},\"$comment\":\"{\\\"term\\\": \\\"field31\\\", \\\"@id\\\": \\\"https://www.schema.org/text\\\"}\"},\"field32\":{\"title\":\"Biomass carbon of trees cut and removed through degradation (tCO2e/ha)\",\"description\":\"Biomass carbon of trees cut and removed through degradation (tCO2e/ha)\",\"readOnly\":false,\"$comment\":\"{\\\"term\\\": \\\"field32\\\", \\\"@id\\\": \\\"https://www.schema.org/text\\\"}\",\"type\":\"number\"},\"field33\":{\"title\":\"Area potentially impacted by natural disturbances in the project scenario (ha)\",\"description\":\"Area potentially impacted by natural disturbances in the project scenario (ha)\",\"readOnly\":false,\"type\":\"array\",\"items\":{\"type\":\"number\"},\"$comment\":\"{\\\"term\\\": \\\"field33\\\", \\\"@id\\\": \\\"https://www.schema.org/text\\\"}\"},\"field34\":{\"title\":\"Carbon stock change from natural disturbance in the project scenario (tCO2e/ha)\",\"description\":\"Carbon stock change from natural disturbance in the project scenario (tCO2e/ha)\",\"readOnly\":false,\"$comment\":\"{\\\"term\\\": \\\"field34\\\", \\\"@id\\\": \\\"https://www.schema.org/text\\\"}\",\"type\":\"number\"},\"field35\":{\"title\":\"Project Non-CO2 GHG emissions (tCO2e)\",\"description\":\"Project Non-CO2 GHG emissions (tCO2e)\",\"readOnly\":false,\"type\":\"array\",\"items\":{\"type\":\"string\"},\"$comment\":\"{\\\"term\\\": \\\"field35\\\", \\\"@id\\\": \\\"https://www.schema.org/text\\\"}\"},\"field36\":{\"title\":\"Leakage (tCO2e)\",\"description\":\"Leakage (tCO2e)\",\"readOnly\":false,\"type\":\"array\",\"items\":{\"type\":\"number\"},\"$comment\":\"{\\\"term\\\": \\\"field36\\\", \\\"@id\\\": \\\"https://www.schema.org/text\\\"}\"},\"field37\":{\"title\":\"AFOLU Risk Rating (%)\",\"description\":\"AFOLU Risk Rating (%)\",\"readOnly\":false,\"$comment\":\"{\\\"term\\\": \\\"field37\\\", \\\"@id\\\": \\\"https://www.schema.org/text\\\"}\",\"type\":\"number\"},\"field38\":{\"title\":\"Net GHG Benefit Adjusted for Uncertainty (tCO2e)\",\"description\":\"Net GHG Benefit Adjusted for Uncertainty (tCO2e)\",\"readOnly\":false,\"type\":\"array\",\"items\":{\"type\":\"number\"},\"$comment\":\"{\\\"term\\\": \\\"field38\\\", \\\"@id\\\": \\\"https://www.schema.org/text\\\"}\"},\"field39\":{\"title\":\"PA Maps\",\"description\":\"PA Maps\",\"readOnly\":false,\"type\":\"array\",\"items\":{\"type\":\"string\",\"pattern\":\"^((https)://)?ipfs.io/ipfs/.+\"},\"$comment\":\"{\\\"term\\\": \\\"field39\\\", \\\"@id\\\": \\\"https://www.schema.org/text\\\"}\"},\"policyId\":{\"title\":\"policyId\",\"description\":\"policyId\",\"readOnly\":true,\"$comment\":\"{\\\"term\\\": \\\"policyId\\\", \\\"@id\\\": \\\"https://www.schema.org/text\\\"}\",\"type\":\"string\"},\"ref\":{\"title\":\"ref\",\"description\":\"ref\",\"readOnly\":true,\"$comment\":\"{\\\"term\\\": \\\"ref\\\", \\\"@id\\\": \\\"https://www.schema.org/text\\\"}\",\"type\":\"string\"}},\"required\":[\"@context\",\"type\",\"field0\",\"field1\",\"field2\",\"field3\",\"field4\",\"field5\",\"field6\",\"field7\",\"field8\",\"field9\",\"field10\",\"field11\",\"field12\",\"field13\",\"field14\",\"field15\",\"field16\",\"field17\",\"field18\",\"field19\",\"field20\",\"field21\",\"field22\",\"field23\",\"field24\",\"field25\",\"field26\",\"field27\",\"field28\",\"field29\",\"field30\",\"field31\",\"field32\",\"field33\",\"field34\",\"field35\",\"field36\",\"field37\",\"field38\",\"field39\",\"policyId\"],\"additionalProperties\":false,\"$defs\":{\"#ea255720-d50d-439c-9a14-7c3a59a64a2b\":{\"$id\":\"#ea255720-d50d-439c-9a14-7c3a59a64a2b\",\"$comment\":\"{\\\"term\\\": \\\"ea255720-d50d-439c-9a14-7c3a59a64a2b\\\", \\\"@id\\\": \\\"#ea255720-d50d-439c-9a14-7c3a59a64a2b\\\"}\",\"title\":\"Date Range\",\"description\":\"Date Range\",\"type\":\"object\",\"properties\":{\"@context\":{\"oneOf\":[{\"type\":\"string\"},{\"type\":\"array\",\"items\":{\"type\":\"string\"}}],\"readOnly\":true},\"type\":{\"oneOf\":[{\"type\":\"string\"},{\"type\":\"array\",\"items\":{\"type\":\"string\"}}],\"readOnly\":true},\"id\":{\"type\":\"string\",\"readOnly\":true},\"field0\":{\"title\":\"From\",\"description\":\"From\",\"readOnly\":false,\"$comment\":\"{\\\"term\\\": \\\"field0\\\", \\\"@id\\\": \\\"https://www.schema.org/text\\\"}\",\"type\":\"string\",\"format\":\"date\"},\"field1\":{\"title\":\"To\",\"description\":\"To\",\"readOnly\":false,\"$comment\":\"{\\\"term\\\": \\\"field1\\\", \\\"@id\\\": \\\"https://www.schema.org/text\\\"}\",\"type\":\"string\",\"format\":\"date\"}},\"required\":[\"@context\",\"type\",\"field0\",\"field1\"],\"additionalProperties\":false}}}","context":"{\"@context\":{\"@version\":1.1,\"@vocab\":\"https://w3id.org/traceability/#undefinedTerm\",\"id\":\"@id\",\"type\":\"@type\",\"ea255720-d50d-439c-9a14-7c3a59a64a2b\":{\"@id\":\"#ea255720-d50d-439c-9a14-7c3a59a64a2b\",\"@context\":{\"field0\":{\"@id\":\"https://www.schema.org/text\"},\"field1\":{\"@id\":\"https://www.schema.org/text\"}}},\"bdc72e29-a36c-4a04-8d4a-dd5f06ca2700&1.0.0\":{\"@id\":\"https://ipfs.io/ipfs/bafkreie6fovb37xnsg2klfwkkzezthhjq7lrnnid5m4lp5xuyfr6axmmhi#bdc72e29-a36c-4a04-8d4a-dd5f06ca2700&1.0.0\",\"@context\":{\"field0\":{\"@id\":\"https://www.schema.org/text\"},\"field1\":{\"@id\":\"https://www.schema.org/text\"},\"field2\":{\"@id\":\"https://www.schema.org/text\"},\"field3\":{\"@id\":\"https://www.schema.org/text\"},\"field4\":{\"@id\":\"https://www.schema.org/text\"},\"field5\":{\"@id\":\"https://www.schema.org/text\"},\"field6\":{\"@id\":\"https://www.schema.org/text\"},\"field7\":{\"@id\":\"https://www.schema.org/text\"},\"field8\":{\"@id\":\"https://www.schema.org/text\"},\"field9\":{\"@id\":\"https://www.schema.org/text\"},\"field10\":{\"@id\":\"https://www.schema.org/text\"},\"field11\":{\"@id\":\"https://www.schema.org/text\"},\"field12\":{\"@id\":\"https://www.schema.org/text\"},\"field13\":{\"@id\":\"https://www.schema.org/text\"},\"field14\":{\"@id\":\"https://www.schema.org/text\"},\"field17\":{\"@id\":\"https://www.schema.org/text\"},\"field18\":{\"@id\":\"https://www.schema.org/text\"},\"field19\":{\"@id\":\"https://www.schema.org/text\"},\"field20\":{\"@id\":\"https://www.schema.org/text\"},\"field21\":{\"@id\":\"https://www.schema.org/text\"},\"field22\":{\"@id\":\"https://www.schema.org/text\"},\"field23\":{\"@id\":\"https://www.schema.org/text\"},\"field24\":{\"@id\":\"https://www.schema.org/text\"},\"field25\":{\"@id\":\"https://www.schema.org/text\"},\"field26\":{\"@id\":\"https://www.schema.org/text\"},\"field27\":{\"@id\":\"https://www.schema.org/text\"},\"field28\":{\"@id\":\"https://www.schema.org/text\"},\"field29\":{\"@id\":\"https://www.schema.org/text\"},\"field30\":{\"@id\":\"https://www.schema.org/text\"},\"field31\":{\"@id\":\"https://www.schema.org/text\"},\"field32\":{\"@id\":\"https://www.schema.org/text\"},\"field33\":{\"@id\":\"https://www.schema.org/text\"},\"field34\":{\"@id\":\"https://www.schema.org/text\"},\"field35\":{\"@id\":\"https://www.schema.org/text\"},\"field36\":{\"@id\":\"https://www.schema.org/text\"},\"field37\":{\"@id\":\"https://www.schema.org/text\"},\"field38\":{\"@id\":\"https://www.schema.org/text\"},\"field39\":{\"@id\":\"https://www.schema.org/text\"},\"policyId\":{\"@id\":\"https://www.schema.org/text\"},\"ref\":{\"@id\":\"https://www.schema.org/text\"},\"field15\":{\"@id\":\"https://ipfs.io/ipfs/bafkreicz727234tkhqv7vl7pncgccbqidwtm5i4vckl4ph6mvievbj2wie#ea255720-d50d-439c-9a14-7c3a59a64a2b\"},\"field16\":{\"@id\":\"https://ipfs.io/ipfs/bafkreicz727234tkhqv7vl7pncgccbqidwtm5i4vckl4ph6mvievbj2wie#ea255720-d50d-439c-9a14-7c3a59a64a2b\"}}}}}","version":"1.0.0","creator":"did:hedera:testnet:5sXRaETseqQJMcY3kc89YyNgXQ8nqNj4WK6M1cx6u2fE;hedera:testnet:fid=0.0.29673776","owner":"did:hedera:testnet:5sXRaETseqQJMcY3kc89YyNgXQ8nqNj4WK6M1cx6u2fE;hedera:testnet:fid=0.0.29673776","topicId":"","messageId":"1646386917.665900000","documentURL":"https://ipfs.io/ipfs/bafkreidxckearpi3bmkx5msilnfbfuivqw42ik3sr2hielq5ysolrcktfe","contextURL":"https://ipfs.io/ipfs/bafkreigyi274jx5rtcqcu27bvfb4fm2g5p4e4b4b3j2domsf6hetts5ndm","iri":"#bdc72e29-a36c-4a04-8d4a-dd5f06ca2700&1.0.0"}