{"id":"625d92c4e67b1757f6b27050","uuid":"be6eb76b-463c-4dac-8ec4-5f67ce675e69","hash":"","name":"VVB","description":"VVB","entity":"VC","status":"PUBLISHED","readonly":false,"document":{"$id":"#be6eb76b-463c-4dac-8ec4-5f67ce675e69&1.0.0","$comment":"{\"term\": \"be6eb76b-463c-4dac-8ec4-5f67ce675e69&1.0.0\", \"@id\": \"https://ipfs.io/ipfs/bafkreih6j4ss7shngbghau72dsunvdgzdfh3su37komgke3qzpgku74dyq#be6eb76b-463c-4dac-8ec4-5f67ce675e69&1.0.0\"}","title":"VVB","description":"VVB","type":"object","properties":{"@context":{"oneOf":[{"type":"string"},{"type":"array","items":{"type":"string"}}],"readOnly":true},"type":{"oneOf":[{"type":"string"},{"type":"array","items":{"type":"string"}}],"readOnly":true},"id":{"type":"string","readOnly":true},"field0":{"title":"VVB Name","description":"VVB Name","readOnly":false,"$comment":"{\"term\": \"field0\", \"@id\": \"https://www.schema.org/text\"}","type":"string"},"policyId":{"title":"policyId","description":"policyId","readOnly":true,"$comment":"{\"term\": \"policyId\", \"@id\": \"https://www.schema.org/text\"}","type":"string"},"ref":{"title":"ref","description":"ref","readOnly":true,"$comment":"{\"term\": \"ref\", \"@id\": \"https://www.schema.org/text\"}","type":"string"}},"required":["@context","type","field0","policyId"],"additionalProperties":false,"$defs":{}},"context":{"@context":{"@version":1.1,"@vocab":"https://w3id.org/traceability/#undefinedTerm","id":"@id","type":"@type","be6eb76b-463c-4dac-8ec4-5f67ce675e69&1.0.0":{"@id":"https://ipfs.io/ipfs/bafkreih6j4ss7shngbghau72dsunvdgzdfh3su37komgke3qzpgku74dyq#be6eb76b-463c-4dac-8ec4-5f67ce675e69&1.0.0","@context":{"field0":{"@id":"https://www.schema.org/text"},"policyId":{"@id":"https://www.schema.org/text"},"ref":{"@id":"https://www.schema.org/text"}}}}},"version":"1.0.0","creator":"did:hedera:testnet:FtfkHoxc8tcRqisHTAFW8YJF59gTiuaE7uw2qJ5VV4WH;hedera:testnet:tid=0.0.34228583","owner":"did:hedera:testnet:FtfkHoxc8tcRqisHTAFW8YJF59gTiuaE7uw2qJ5VV4WH;hedera:testnet:tid=0.0.34228583","topicId":"0.0.34228584","messageId":"1650299625.435256000","documentURL":"https://ipfs.io/ipfs/bafkreifztwvopd4cqwx6evdlravyubadclbjocluhknudmwxnejn6kosdi","contextURL":"https://ipfs.io/ipfs/bafkreig2i6pk37ubm32vbxr2vbngqgqqtgcwatfbqhl74dvgre6jhqlzh4","iri":"#be6eb76b-463c-4dac-8ec4-5f67ce675e69&1.0.0","createDate":"2022-04-18T16:33:08.172Z","category":"USER"}