{"id":"623dd309fd17325440520932","uuid":"bf296ec7-5e26-4b27-b6fa-c9aa72561888","hash":"","name":"VVB","description":"VVB","entity":"VC","status":"PUBLISHED","readonly":false,"document":"{\"$id\":\"#bf296ec7-5e26-4b27-b6fa-c9aa72561888&1.0.0\",\"$comment\":\"{\\\"term\\\": \\\"bf296ec7-5e26-4b27-b6fa-c9aa72561888&1.0.0\\\", \\\"@id\\\": \\\"https://ipfs.io/ipfs/bafkreibl36m3ugndmjav77hdiqykxcbcetbgpki623idthnzgrxiwkexei#bf296ec7-5e26-4b27-b6fa-c9aa72561888&1.0.0\\\"}\",\"title\":\"VVB\",\"description\":\"VVB\",\"type\":\"object\",\"properties\":{\"@context\":{\"oneOf\":[{\"type\":\"string\"},{\"type\":\"array\",\"items\":{\"type\":\"string\"}}],\"readOnly\":true},\"type\":{\"oneOf\":[{\"type\":\"string\"},{\"type\":\"array\",\"items\":{\"type\":\"string\"}}],\"readOnly\":true},\"id\":{\"type\":\"string\",\"readOnly\":true},\"field0\":{\"title\":\"VVB Name\",\"description\":\"VVB Name\",\"readOnly\":false,\"$comment\":\"{\\\"term\\\": \\\"field0\\\", \\\"@id\\\": \\\"https://www.schema.org/text\\\"}\",\"type\":\"string\"},\"policyId\":{\"title\":\"policyId\",\"description\":\"policyId\",\"readOnly\":true,\"$comment\":\"{\\\"term\\\": \\\"policyId\\\", \\\"@id\\\": \\\"https://www.schema.org/text\\\"}\",\"type\":\"string\"},\"ref\":{\"title\":\"ref\",\"description\":\"ref\",\"readOnly\":true,\"$comment\":\"{\\\"term\\\": \\\"ref\\\", \\\"@id\\\": \\\"https://www.schema.org/text\\\"}\",\"type\":\"string\"}},\"required\":[\"@context\",\"type\",\"field0\",\"policyId\"],\"additionalProperties\":false,\"$defs\":{}}","context":"{\"@context\":{\"@version\":1.1,\"@vocab\":\"https://w3id.org/traceability/#undefinedTerm\",\"id\":\"@id\",\"type\":\"@type\",\"bf296ec7-5e26-4b27-b6fa-c9aa72561888&1.0.0\":{\"@id\":\"https://ipfs.io/ipfs/bafkreibl36m3ugndmjav77hdiqykxcbcetbgpki623idthnzgrxiwkexei#bf296ec7-5e26-4b27-b6fa-c9aa72561888&1.0.0\",\"@context\":{\"field0\":{\"@id\":\"https://www.schema.org/text\"},\"policyId\":{\"@id\":\"https://www.schema.org/text\"},\"ref\":{\"@id\":\"https://www.schema.org/text\"}}}}}","version":"1.0.0","creator":"did:hedera:testnet:8SN5iR3Rw3CuGAysqaaXCCPwzNvbH1DGbPq9LRxE8FYt;hedera:testnet:fid=0.0.34018213","owner":"did:hedera:testnet:8SN5iR3Rw3CuGAysqaaXCCPwzNvbH1DGbPq9LRxE8FYt;hedera:testnet:fid=0.0.34018213","topicId":"","messageId":"1648218961.096604357","documentURL":"https://ipfs.io/ipfs/bafkreielu7b35kywyy5zizmefueueiw7md44orxipqeyekdzbs6crtqrxy","contextURL":"https://ipfs.io/ipfs/bafkreib5pxsrcbg7drrijjbfk4s3gdygjo7krmllztv75owyeyhlabbc2q","iri":"#bf296ec7-5e26-4b27-b6fa-c9aa72561888&1.0.0","category":"USER"}