{"id":"6239ac632cd812e9f0f5cdd8","uuid":"c25135d7-258b-4d4c-9a9b-4145ec40ba64","hash":"","name":"MintNFToken","entity":"MINT_NFTOKEN","status":"PUBLISHED","readonly":true,"document":"{\"$id\":\"#c25135d7-258b-4d4c-9a9b-4145ec40ba64&1.0.0\",\"$comment\":\"{\\\"term\\\": \\\"c25135d7-258b-4d4c-9a9b-4145ec40ba64&1.0.0\\\", \\\"@id\\\": \\\"https://ipfs.io/ipfs/bafkreighjfksntzdlitg5rxa6ctfq4a7cfrbclmqyxc3v4try2jjsbd7iy#c25135d7-258b-4d4c-9a9b-4145ec40ba64&1.0.0\\\"}\",\"title\":\"MintNFToken\",\"description\":\"MintNFToken\",\"type\":\"object\",\"properties\":{\"@context\":{\"oneOf\":[{\"type\":\"string\"},{\"type\":\"array\",\"items\":{\"type\":\"string\"}}],\"readOnly\":true},\"type\":{\"oneOf\":[{\"type\":\"string\"},{\"type\":\"array\",\"items\":{\"type\":\"string\"}}],\"readOnly\":true},\"id\":{\"type\":\"string\",\"readOnly\":true},\"date\":{\"$comment\":\"{\\\"term\\\": \\\"date\\\", \\\"@id\\\": \\\"https://www.schema.org/text\\\"}\",\"title\":\"date\",\"description\":\"date\",\"type\":\"string\",\"readOnly\":false},\"serials\":{\"$comment\":\"{\\\"term\\\": \\\"serials\\\", \\\"@id\\\": \\\"https://www.schema.org/text\\\"}\",\"title\":\"serials\",\"description\":\"serials\",\"type\":\"array\",\"items\":{\"type\":\"string\"},\"readOnly\":false},\"tokenId\":{\"$comment\":\"{\\\"term\\\": \\\"tokenId\\\", \\\"@id\\\": \\\"https://www.schema.org/text\\\"}\",\"title\":\"tokenId\",\"description\":\"tokenId\",\"type\":\"string\",\"readOnly\":false}},\"required\":[\"date\",\"serials\",\"tokenId\"],\"additionalProperties\":false}","context":"{\"@context\":{\"@version\":1.1,\"@vocab\":\"https://w3id.org/traceability/#undefinedTerm\",\"id\":\"@id\",\"type\":\"@type\",\"c25135d7-258b-4d4c-9a9b-4145ec40ba64&1.0.0\":{\"@id\":\"https://ipfs.io/ipfs/bafkreighjfksntzdlitg5rxa6ctfq4a7cfrbclmqyxc3v4try2jjsbd7iy#c25135d7-258b-4d4c-9a9b-4145ec40ba64&1.0.0\",\"@context\":{\"date\":{\"@id\":\"https://www.schema.org/text\"},\"serials\":{\"@id\":\"https://www.schema.org/text\"},\"tokenId\":{\"@id\":\"https://www.schema.org/text\"}}}}}","version":"1.0.0","creator":"did:hedera:testnet:HRZKgd2GDUXuayaUnaukofnig3AvMaiz4ZsQPryR2NqK;hedera:testnet:fid=0.0.33996478","owner":"did:hedera:testnet:HRZKgd2GDUXuayaUnaukofnig3AvMaiz4ZsQPryR2NqK;hedera:testnet:fid=0.0.33996478","topicId":"0.0.29614911","messageId":"1647947720.293636366","documentURL":"https://ipfs.io/ipfs/bafkreia6gbgkhcagzmgzxlh5zqxp5kk55sp6o52korkb3mj7jxloqbte24","contextURL":"https://ipfs.io/ipfs/bafkreifw3rahd7qtifcbsom64xgwpwjr2beebdj6ovicakzjb4gma37ozu","iri":"#c25135d7-258b-4d4c-9a9b-4145ec40ba64&1.0.0","category":"SYSTEM"}