{"id":"625d92c2e67b1757f6b2704f","uuid":"e3554ea7-7e42-4f4b-9d93-fab968e1d796","hash":"","name":"Date Range","description":"Date Range","entity":"NONE","status":"DRAFT","readonly":false,"document":{"$id":"#e3554ea7-7e42-4f4b-9d93-fab968e1d796","$comment":"{\"term\": \"e3554ea7-7e42-4f4b-9d93-fab968e1d796\", \"@id\": \"https://ipfs.io/ipfs/bafkreiedyn5ztbshx4ihd65sl5gb6nwqluig5ui2z6jbb2wk6wopmr62w4#e3554ea7-7e42-4f4b-9d93-fab968e1d796\"}","title":"Date Range","description":"Date Range","type":"object","properties":{"@context":{"oneOf":[{"type":"string"},{"type":"array","items":{"type":"string"}}],"readOnly":true},"type":{"oneOf":[{"type":"string"},{"type":"array","items":{"type":"string"}}],"readOnly":true},"id":{"type":"string","readOnly":true},"field0":{"title":"From","description":"From","readOnly":false,"$comment":"{\"term\": \"field0\", \"@id\": \"https://www.schema.org/text\"}","type":"string","format":"date"},"field1":{"title":"To","description":"To","readOnly":false,"$comment":"{\"term\": \"field1\", \"@id\": \"https://www.schema.org/text\"}","type":"string","format":"date"}},"required":["@context","type","field0","field1"],"additionalProperties":false,"$defs":{}},"context":{"@context":{"@version":1.1,"@vocab":"https://w3id.org/traceability/#undefinedTerm","id":"@id","type":"@type","e3554ea7-7e42-4f4b-9d93-fab968e1d796":{"@id":"#e3554ea7-7e42-4f4b-9d93-fab968e1d796","@context":{"field0":{"@id":"https://www.schema.org/text"},"field1":{"@id":"https://www.schema.org/text"}}}}},"version":"","creator":"did:hedera:testnet:FtfkHoxc8tcRqisHTAFW8YJF59gTiuaE7uw2qJ5VV4WH;hedera:testnet:tid=0.0.34228583","owner":"did:hedera:testnet:FtfkHoxc8tcRqisHTAFW8YJF59gTiuaE7uw2qJ5VV4WH;hedera:testnet:tid=0.0.34228583","topicId":"0.0.34228584","messageId":null,"documentURL":"https://ipfs.io/ipfs/bafkreiey7p2dpsypm5uka5hrlv2eymv5sjksol5kldfubnivwswszpcike","contextURL":"https://ipfs.io/ipfs/bafkreiedyn5ztbshx4ihd65sl5gb6nwqluig5ui2z6jbb2wk6wopmr62w4","iri":"#e3554ea7-7e42-4f4b-9d93-fab968e1d796","createDate":"2022-04-18T16:33:06.897Z","category":"USER"}