{"id":"6221de58572639847c8cc204","uuid":"e6636072-9308-4e60-b629-b83a22531fa2","hash":"","name":"VVB","description":"VVB","entity":"VC","status":"PUBLISHED","readonly":false,"document":"{\"$id\":\"#e6636072-9308-4e60-b629-b83a22531fa2&1.0.0\",\"$comment\":\"{\\\"term\\\": \\\"e6636072-9308-4e60-b629-b83a22531fa2&1.0.0\\\", \\\"@id\\\": \\\"https://ipfs.io/ipfs/bafkreigkxix57nspqeuf2u3as2lfygdusskmihqksuunl4zymcbsrd4sdm#e6636072-9308-4e60-b629-b83a22531fa2&1.0.0\\\"}\",\"title\":\"VVB\",\"description\":\"VVB\",\"type\":\"object\",\"properties\":{\"@context\":{\"oneOf\":[{\"type\":\"string\"},{\"type\":\"array\",\"items\":{\"type\":\"string\"}}],\"readOnly\":true},\"type\":{\"oneOf\":[{\"type\":\"string\"},{\"type\":\"array\",\"items\":{\"type\":\"string\"}}],\"readOnly\":true},\"id\":{\"type\":\"string\",\"readOnly\":true},\"field0\":{\"title\":\"VVB Name\",\"description\":\"VVB Name\",\"readOnly\":false,\"$comment\":\"{\\\"term\\\": \\\"field0\\\", \\\"@id\\\": \\\"https://www.schema.org/text\\\"}\",\"type\":\"string\"},\"policyId\":{\"title\":\"policyId\",\"description\":\"policyId\",\"readOnly\":true,\"$comment\":\"{\\\"term\\\": \\\"policyId\\\", \\\"@id\\\": \\\"https://www.schema.org/text\\\"}\",\"type\":\"string\"},\"ref\":{\"title\":\"ref\",\"description\":\"ref\",\"readOnly\":true,\"$comment\":\"{\\\"term\\\": \\\"ref\\\", \\\"@id\\\": \\\"https://www.schema.org/text\\\"}\",\"type\":\"string\"}},\"required\":[\"@context\",\"type\",\"field0\",\"policyId\"],\"additionalProperties\":false,\"$defs\":{}}","context":"{\"@context\":{\"@version\":1.1,\"@vocab\":\"https://w3id.org/traceability/#undefinedTerm\",\"id\":\"@id\",\"type\":\"@type\",\"e6636072-9308-4e60-b629-b83a22531fa2&1.0.0\":{\"@id\":\"https://ipfs.io/ipfs/bafkreigkxix57nspqeuf2u3as2lfygdusskmihqksuunl4zymcbsrd4sdm#e6636072-9308-4e60-b629-b83a22531fa2&1.0.0\",\"@context\":{\"field0\":{\"@id\":\"https://www.schema.org/text\"},\"policyId\":{\"@id\":\"https://www.schema.org/text\"},\"ref\":{\"@id\":\"https://www.schema.org/text\"}}}}}","version":"1.0.0","creator":"did:hedera:testnet:5sXRaETseqQJMcY3kc89YyNgXQ8nqNj4WK6M1cx6u2fE;hedera:testnet:fid=0.0.29673776","owner":"did:hedera:testnet:5sXRaETseqQJMcY3kc89YyNgXQ8nqNj4WK6M1cx6u2fE;hedera:testnet:fid=0.0.29673776","topicId":"","messageId":"1646386831.243590044","documentURL":"https://ipfs.io/ipfs/bafkreiczuq4yrsr3hbapyagijvj6yqea2vui2oneymzeags6hvviw2qeeq","contextURL":"https://ipfs.io/ipfs/bafkreianrz2luxb6bpgm6dlzwzw3qpbyy5ueimocv3gaftzmpoubxhzck4","iri":"#e6636072-9308-4e60-b629-b83a22531fa2&1.0.0"}