{"id":"6221de58572639847c8cc203","uuid":"ea255720-d50d-439c-9a14-7c3a59a64a2b","hash":"","name":"Date Range","description":"Date Range","entity":"NONE","status":"DRAFT","readonly":false,"document":"{\"$id\":\"#ea255720-d50d-439c-9a14-7c3a59a64a2b\",\"$comment\":\"{\\\"term\\\": \\\"ea255720-d50d-439c-9a14-7c3a59a64a2b\\\", \\\"@id\\\": \\\"https://ipfs.io/ipfs/bafkreiedyn5ztbshx4ihd65sl5gb6nwqluig5ui2z6jbb2wk6wopmr62w4#ea255720-d50d-439c-9a14-7c3a59a64a2b\\\"}\",\"title\":\"Date Range\",\"description\":\"Date Range\",\"type\":\"object\",\"properties\":{\"@context\":{\"oneOf\":[{\"type\":\"string\"},{\"type\":\"array\",\"items\":{\"type\":\"string\"}}],\"readOnly\":true},\"type\":{\"oneOf\":[{\"type\":\"string\"},{\"type\":\"array\",\"items\":{\"type\":\"string\"}}],\"readOnly\":true},\"id\":{\"type\":\"string\",\"readOnly\":true},\"field0\":{\"title\":\"From\",\"description\":\"From\",\"readOnly\":false,\"$comment\":\"{\\\"term\\\": \\\"field0\\\", \\\"@id\\\": \\\"https://www.schema.org/text\\\"}\",\"type\":\"string\",\"format\":\"date\"},\"field1\":{\"title\":\"To\",\"description\":\"To\",\"readOnly\":false,\"$comment\":\"{\\\"term\\\": \\\"field1\\\", \\\"@id\\\": \\\"https://www.schema.org/text\\\"}\",\"type\":\"string\",\"format\":\"date\"}},\"required\":[\"@context\",\"type\",\"field0\",\"field1\"],\"additionalProperties\":false,\"$defs\":{}}","context":"{\"@context\":{\"@version\":1.1,\"@vocab\":\"https://w3id.org/traceability/#undefinedTerm\",\"id\":\"@id\",\"type\":\"@type\",\"ea255720-d50d-439c-9a14-7c3a59a64a2b\":{\"@id\":\"#ea255720-d50d-439c-9a14-7c3a59a64a2b\",\"@context\":{\"field0\":{\"@id\":\"https://www.schema.org/text\"},\"field1\":{\"@id\":\"https://www.schema.org/text\"}}}}}","version":"","creator":"did:hedera:testnet:5sXRaETseqQJMcY3kc89YyNgXQ8nqNj4WK6M1cx6u2fE;hedera:testnet:fid=0.0.29673776","owner":"did:hedera:testnet:5sXRaETseqQJMcY3kc89YyNgXQ8nqNj4WK6M1cx6u2fE;hedera:testnet:fid=0.0.29673776","topicId":"","messageId":null,"documentURL":"https://ipfs.io/ipfs/bafkreiey7p2dpsypm5uka5hrlv2eymv5sjksol5kldfubnivwswszpcike","contextURL":"https://ipfs.io/ipfs/bafkreiedyn5ztbshx4ihd65sl5gb6nwqluig5ui2z6jbb2wk6wopmr62w4","iri":"#ea255720-d50d-439c-9a14-7c3a59a64a2b"}