{"id":"6239ac632cd812e9f0f5cdd9","uuid":"f5a6c04b-5f5f-4fba-a024-8f95233f10e7","hash":"","name":"Date Range","description":"Date Range","entity":"NONE","status":"DRAFT","readonly":false,"document":"{\"$id\":\"#f5a6c04b-5f5f-4fba-a024-8f95233f10e7\",\"$comment\":\"{\\\"term\\\": \\\"f5a6c04b-5f5f-4fba-a024-8f95233f10e7\\\", \\\"@id\\\": \\\"https://ipfs.io/ipfs/bafkreiedyn5ztbshx4ihd65sl5gb6nwqluig5ui2z6jbb2wk6wopmr62w4#f5a6c04b-5f5f-4fba-a024-8f95233f10e7\\\"}\",\"title\":\"Date Range\",\"description\":\"Date Range\",\"type\":\"object\",\"properties\":{\"@context\":{\"oneOf\":[{\"type\":\"string\"},{\"type\":\"array\",\"items\":{\"type\":\"string\"}}],\"readOnly\":true},\"type\":{\"oneOf\":[{\"type\":\"string\"},{\"type\":\"array\",\"items\":{\"type\":\"string\"}}],\"readOnly\":true},\"id\":{\"type\":\"string\",\"readOnly\":true},\"field0\":{\"title\":\"From\",\"description\":\"From\",\"readOnly\":false,\"$comment\":\"{\\\"term\\\": \\\"field0\\\", \\\"@id\\\": \\\"https://www.schema.org/text\\\"}\",\"type\":\"string\",\"format\":\"date\"},\"field1\":{\"title\":\"To\",\"description\":\"To\",\"readOnly\":false,\"$comment\":\"{\\\"term\\\": \\\"field1\\\", \\\"@id\\\": \\\"https://www.schema.org/text\\\"}\",\"type\":\"string\",\"format\":\"date\"}},\"required\":[\"@context\",\"type\",\"field0\",\"field1\"],\"additionalProperties\":false,\"$defs\":{}}","context":"{\"@context\":{\"@version\":1.1,\"@vocab\":\"https://w3id.org/traceability/#undefinedTerm\",\"id\":\"@id\",\"type\":\"@type\",\"f5a6c04b-5f5f-4fba-a024-8f95233f10e7\":{\"@id\":\"#f5a6c04b-5f5f-4fba-a024-8f95233f10e7\",\"@context\":{\"field0\":{\"@id\":\"https://www.schema.org/text\"},\"field1\":{\"@id\":\"https://www.schema.org/text\"}}}}}","version":"","creator":"did:hedera:testnet:HRZKgd2GDUXuayaUnaukofnig3AvMaiz4ZsQPryR2NqK;hedera:testnet:fid=0.0.33996478","owner":"did:hedera:testnet:HRZKgd2GDUXuayaUnaukofnig3AvMaiz4ZsQPryR2NqK;hedera:testnet:fid=0.0.33996478","topicId":"","messageId":null,"documentURL":"https://ipfs.io/ipfs/bafkreiey7p2dpsypm5uka5hrlv2eymv5sjksol5kldfubnivwswszpcike","contextURL":"https://ipfs.io/ipfs/bafkreiedyn5ztbshx4ihd65sl5gb6nwqluig5ui2z6jbb2wk6wopmr62w4","iri":"#f5a6c04b-5f5f-4fba-a024-8f95233f10e7","category":"USER"}