{"id":"6221de58572639847c8cc202","uuid":"fc335cd2-2b82-40c0-8f4f-dae99a3ebd06","hash":"","name":"MintNFToken","entity":"MINT_NFTOKEN","status":"PUBLISHED","readonly":true,"document":"{\"$id\":\"#fc335cd2-2b82-40c0-8f4f-dae99a3ebd06&1.0.0\",\"$comment\":\"{\\\"term\\\": \\\"fc335cd2-2b82-40c0-8f4f-dae99a3ebd06&1.0.0\\\", \\\"@id\\\": \\\"https://ipfs.io/ipfs/bafkreibg4mmfcs36feulws5u6ogm5htxocrp2n33bkrjr77mm76v3h3iba#fc335cd2-2b82-40c0-8f4f-dae99a3ebd06&1.0.0\\\"}\",\"title\":\"MintNFToken\",\"description\":\"MintNFToken\",\"type\":\"object\",\"properties\":{\"@context\":{\"oneOf\":[{\"type\":\"string\"},{\"type\":\"array\",\"items\":{\"type\":\"string\"}}],\"readOnly\":true},\"type\":{\"oneOf\":[{\"type\":\"string\"},{\"type\":\"array\",\"items\":{\"type\":\"string\"}}],\"readOnly\":true},\"id\":{\"type\":\"string\",\"readOnly\":true},\"date\":{\"$comment\":\"{\\\"term\\\": \\\"date\\\", \\\"@id\\\": \\\"https://www.schema.org/text\\\"}\",\"title\":\"date\",\"description\":\"date\",\"type\":\"string\",\"readOnly\":false},\"serials\":{\"$comment\":\"{\\\"term\\\": \\\"serials\\\", \\\"@id\\\": \\\"https://www.schema.org/text\\\"}\",\"title\":\"serials\",\"description\":\"serials\",\"type\":\"array\",\"items\":{\"type\":\"string\"},\"readOnly\":false},\"tokenId\":{\"$comment\":\"{\\\"term\\\": \\\"tokenId\\\", \\\"@id\\\": \\\"https://www.schema.org/text\\\"}\",\"title\":\"tokenId\",\"description\":\"tokenId\",\"type\":\"string\",\"readOnly\":false}},\"required\":[\"date\",\"serials\",\"tokenId\"],\"additionalProperties\":false}","context":"{\"@context\":{\"@version\":1.1,\"@vocab\":\"https://w3id.org/traceability/#undefinedTerm\",\"id\":\"@id\",\"type\":\"@type\",\"fc335cd2-2b82-40c0-8f4f-dae99a3ebd06&1.0.0\":{\"@id\":\"https://ipfs.io/ipfs/bafkreibg4mmfcs36feulws5u6ogm5htxocrp2n33bkrjr77mm76v3h3iba#fc335cd2-2b82-40c0-8f4f-dae99a3ebd06&1.0.0\",\"@context\":{\"date\":{\"@id\":\"https://www.schema.org/text\"},\"serials\":{\"@id\":\"https://www.schema.org/text\"},\"tokenId\":{\"@id\":\"https://www.schema.org/text\"}}}}}","version":"1.0.0","creator":"did:hedera:testnet:5sXRaETseqQJMcY3kc89YyNgXQ8nqNj4WK6M1cx6u2fE;hedera:testnet:fid=0.0.29673776","owner":"did:hedera:testnet:5sXRaETseqQJMcY3kc89YyNgXQ8nqNj4WK6M1cx6u2fE;hedera:testnet:fid=0.0.29673776","topicId":"0.0.29614911","messageId":"1646386925.764794465","documentURL":"https://ipfs.io/ipfs/bafkreig3tyr56v5af2dwtdwfmws6h3t2jbshwf33g57s2qipy44bn6jhuu","contextURL":"https://ipfs.io/ipfs/bafkreighjfksntzdlitg5rxa6ctfq4a7cfrbclmqyxc3v4try2jjsbd7iy","iri":"#fc335cd2-2b82-40c0-8f4f-dae99a3ebd06&1.0.0"}