{"_id":"637e1931149cfc4656b2748b","uuid":"637e178cdee21ddc6f59664c-63678fae340ebc91d36f90d5","name":"Meter","description":"Meter","entity":"VC","status":"PUBLISHED","document":{"$id":"#637e178cdee21ddc6f59664c-63678fae340ebc91d36f90d5&1.0.0","$comment":"{ \"@id\": \"https://ipfs.io/ipfs/bafkreieap7ctboidyum7qjszcl4fquekjbbvhn66gs2qhtly2jrcjsgxxq#637e178cdee21ddc6f59664c-63678fae340ebc91d36f90d5&1.0.0\", \"term\": \"637e178cdee21ddc6f59664c-63678fae340ebc91d36f90d5&1.0.0\" }","title":"Meter","description":"Meter","type":"object","properties":{"@context":{"oneOf":[{"type":"string"},{"type":"array","items":{"type":"string"}}],"readOnly":true},"type":{"oneOf":[{"type":"string"},{"type":"array","items":{"type":"string"}}],"readOnly":true},"id":{"type":"string","readOnly":true},"field0":{"title":"Name","description":"Name","readOnly":false,"type":"string","$comment":"{\"term\":\"field0\",\"@id\":\"https://www.schema.org/text\"}"},"field1":{"title":"Previous Reading","description":"Previous Reading","readOnly":false,"type":"string","$comment":"{\"term\":\"field1\",\"@id\":\"https://www.schema.org/text\"}"},"field2":{"title":"Data / Parameter","description":"Data / Parameter","readOnly":false,"type":"string","$comment":"{\"term\":\"field2\",\"@id\":\"https://www.schema.org/text\"}"},"field3":{"title":"Data unit","description":"Data unit","readOnly":false,"type":"string","$comment":"{\"term\":\"field3\",\"@id\":\"https://www.schema.org/text\"}"},"field4":{"title":"Description","description":"Description","readOnly":false,"type":"string","$comment":"{\"term\":\"field4\",\"@id\":\"https://www.schema.org/text\"}"},"field5":{"title":"Source of data","description":"Source of data","readOnly":false,"type":"string","$comment":"{\"term\":\"field5\",\"@id\":\"https://www.schema.org/text\"}"},"field6":{"title":"Description of measurement methods and procedures to be applied","description":"Description of measurement methods and procedures to be applied","readOnly":false,"type":"string","$comment":"{\"term\":\"field6\",\"@id\":\"https://www.schema.org/text\"}"},"field7":{"title":"Frequency of monitoring/recording","description":"Frequency of monitoring/recording","readOnly":false,"type":"string","$comment":"{\"term\":\"field7\",\"@id\":\"https://www.schema.org/text\"}"},"field8":{"title":"Monitoring equipment","description":"Monitoring equipment","readOnly":false,"type":"string","$comment":"{\"term\":\"field8\",\"@id\":\"https://www.schema.org/text\"}"},"field9":{"title":"QA/QC procedures to be applied","description":"QA/QC procedures to be applied","readOnly":false,"type":"string","$comment":"{\"term\":\"field9\",\"@id\":\"https://www.schema.org/text\"}"},"field10":{"title":"Purpose of the data","description":"Purpose of the data","readOnly":false,"type":"string","$comment":"{\"term\":\"field10\",\"@id\":\"https://www.schema.org/text\"}"},"field11":{"title":"Calculation method","description":"Calculation method","readOnly":false,"type":"string","$comment":"{\"term\":\"field11\",\"@id\":\"https://www.schema.org/text\"}"},"field12":{"title":"Comments","description":"Comments","readOnly":false,"type":"string","$comment":"{\"term\":\"field12\",\"@id\":\"https://www.schema.org/text\"}"},"policyId":{"title":"policyId","description":"policyId","readOnly":true,"type":"string","$comment":"{\"term\":\"policyId\",\"@id\":\"https://www.schema.org/text\"}"},"ref":{"title":"ref","description":"ref","readOnly":true,"type":"string","$comment":"{\"term\":\"ref\",\"@id\":\"https://www.schema.org/text\"}"}},"required":["@context","type","field0","field1","field2","field3","field4","field5","field6","field7","field8","field9","field10","field11","field12","policyId"],"additionalProperties":false,"$defs":{}},"context":{"@context":{"@version":1.1,"@vocab":"https://w3id.org/traceability/#undefinedTerm","id":"@id","type":"@type","637e178cdee21ddc6f59664c-63678fae340ebc91d36f90d5&1.0.0":{"@id":"#637e178cdee21ddc6f59664c-63678fae340ebc91d36f90d5&1.0.0","@context":{"field0":{"@id":"https://www.schema.org/text"},"field1":{"@id":"https://www.schema.org/text"},"field2":{"@id":"https://www.schema.org/text"},"field3":{"@id":"https://www.schema.org/text"},"field4":{"@id":"https://www.schema.org/text"},"field5":{"@id":"https://www.schema.org/text"},"field6":{"@id":"https://www.schema.org/text"},"field7":{"@id":"https://www.schema.org/text"},"field8":{"@id":"https://www.schema.org/text"},"field9":{"@id":"https://www.schema.org/text"},"field10":{"@id":"https://www.schema.org/text"},"field11":{"@id":"https://www.schema.org/text"},"field12":{"@id":"https://www.schema.org/text"},"policyId":{"@id":"https://www.schema.org/text"},"ref":{"@id":"https://www.schema.org/text"}}}}},"version":"1.0.0","creator":"did:hedera:testnet:8Dwycr7wWwWfwJLSw4JjcTJSjgZ64j5MRk5rMAU7Gi7y;hedera:testnet:tid=0.0.48829796","owner":"did:hedera:testnet:8Dwycr7wWwWfwJLSw4JjcTJSjgZ64j5MRk5rMAU7Gi7y;hedera:testnet:tid=0.0.48829796","topicId":"0.0.48954020","messageId":"1669209893.507680003","documentURL":"https://ipfs.io/ipfs/bafkreigmjy2veeii2yw3dyo66s2724dwmrjq6qr7e3je2lu6twmernd3b4","contextURL":"https://ipfs.io/ipfs/bafkreieap7ctboidyum7qjszcl4fquekjbbvhn66gs2qhtly2jrcjsgxxq","iri":"#637e178cdee21ddc6f59664c-63678fae340ebc91d36f90d5&1.0.0","createDate":"2022-11-23T12:59:29.041Z","readonly":false,"system":false,"active":false,"category":"USER","id":"637e1931149cfc4656b2748b"}