{"_id":"637e1a2f149cfc4656b2748c","uuid":"637e178cdee21ddc6f59664c-62f0cf2761ed1c9be4433b6f","name":"Emission Reduction Template","description":"Emission Reduction Template","entity":"VC","status":"PUBLISHED","document":{"$id":"#637e178cdee21ddc6f59664c-62f0cf2761ed1c9be4433b6f&1.0.0","$comment":"{ \"@id\": \"https://ipfs.io/ipfs/bafkreic7jzbhbbhpkglediqma7v2qsp6vz4xoglkxxwlyrh3qc25leq7bm#637e178cdee21ddc6f59664c-62f0cf2761ed1c9be4433b6f&1.0.0\", \"term\": \"637e178cdee21ddc6f59664c-62f0cf2761ed1c9be4433b6f&1.0.0\" }","title":"Emission Reduction Template","description":"Emission Reduction Template","type":"object","properties":{"@context":{"oneOf":[{"type":"string"},{"type":"array","items":{"type":"string"}}],"readOnly":true},"type":{"oneOf":[{"type":"string"},{"type":"array","items":{"type":"string"}}],"readOnly":true},"id":{"type":"string","readOnly":true},"field0":{"title":"Calculation","description":"Calculation","readOnly":false,"type":"string","$comment":"{\"term\":\"field0\",\"@id\":\"https://www.schema.org/text\"}"},"policyId":{"title":"policyId","description":"policyId","readOnly":true,"type":"string","$comment":"{\"term\":\"policyId\",\"@id\":\"https://www.schema.org/text\"}"},"ref":{"title":"ref","description":"ref","readOnly":true,"type":"string","$comment":"{\"term\":\"ref\",\"@id\":\"https://www.schema.org/text\"}"}},"required":["@context","type","field0","policyId"],"additionalProperties":false,"$defs":{}},"context":{"@context":{"@version":1.1,"@vocab":"https://w3id.org/traceability/#undefinedTerm","id":"@id","type":"@type","637e178cdee21ddc6f59664c-62f0cf2761ed1c9be4433b6f&1.0.0":{"@id":"#637e178cdee21ddc6f59664c-62f0cf2761ed1c9be4433b6f&1.0.0","@context":{"field0":{"@id":"https://www.schema.org/text"},"policyId":{"@id":"https://www.schema.org/text"},"ref":{"@id":"https://www.schema.org/text"}}}}},"version":"1.0.0","creator":"did:hedera:testnet:8Dwycr7wWwWfwJLSw4JjcTJSjgZ64j5MRk5rMAU7Gi7y;hedera:testnet:tid=0.0.48829796","owner":"did:hedera:testnet:8Dwycr7wWwWfwJLSw4JjcTJSjgZ64j5MRk5rMAU7Gi7y;hedera:testnet:tid=0.0.48829796","topicId":"0.0.48954020","messageId":"1669209903.063313003","documentURL":"https://ipfs.io/ipfs/bafkreifaojozjmjl4m5b4enmwwqpcemcr7ljqfyb5xqyf6z2bsk4v66hqm","contextURL":"https://ipfs.io/ipfs/bafkreic7jzbhbbhpkglediqma7v2qsp6vz4xoglkxxwlyrh3qc25leq7bm","iri":"#637e178cdee21ddc6f59664c-62f0cf2761ed1c9be4433b6f&1.0.0","createDate":"2022-11-23T13:03:43.592Z","readonly":false,"system":false,"active":false,"category":"USER","id":"637e1a2f149cfc4656b2748c"}