{"_id":"637e192e149cfc4656b2748a","uuid":"637e178cdee21ddc6f59664c-63665c078e3212af2f751c97","name":"Meter MRV","description":"Meter MRV","entity":"VC","status":"PUBLISHED","document":{"$id":"#637e178cdee21ddc6f59664c-63665c078e3212af2f751c97&1.0.0","$comment":"{ \"@id\": \"https://ipfs.io/ipfs/bafkreiddsnydmnsraemlrupax3qscv6qlh7kpcqa3kgohb7pe3vxy6ifym#637e178cdee21ddc6f59664c-63665c078e3212af2f751c97&1.0.0\", \"term\": \"637e178cdee21ddc6f59664c-63665c078e3212af2f751c97&1.0.0\" }","title":"Meter MRV","description":"Meter MRV","type":"object","properties":{"@context":{"oneOf":[{"type":"string"},{"type":"array","items":{"type":"string"}}],"readOnly":true},"type":{"oneOf":[{"type":"string"},{"type":"array","items":{"type":"string"}}],"readOnly":true},"id":{"type":"string","readOnly":true},"field0":{"title":"Current Reading","description":"Current Reading","readOnly":false,"type":"string","$comment":"{\"term\":\"field0\",\"@id\":\"https://www.schema.org/text\"}"},"field1":{"title":"Date of Reading","description":"Date of Reading","readOnly":false,"type":"string","$comment":"{\"term\":\"field1\",\"@id\":\"https://www.schema.org/text\"}"},"policyId":{"title":"policyId","description":"policyId","readOnly":true,"type":"string","$comment":"{\"term\":\"policyId\",\"@id\":\"https://www.schema.org/text\"}"},"ref":{"title":"ref","description":"ref","readOnly":true,"type":"string","$comment":"{\"term\":\"ref\",\"@id\":\"https://www.schema.org/text\"}"}},"required":["@context","type","field0","field1","policyId"],"additionalProperties":false,"$defs":{}},"context":{"@context":{"@version":1.1,"@vocab":"https://w3id.org/traceability/#undefinedTerm","id":"@id","type":"@type","637e178cdee21ddc6f59664c-63665c078e3212af2f751c97&1.0.0":{"@id":"#637e178cdee21ddc6f59664c-63665c078e3212af2f751c97&1.0.0","@context":{"field0":{"@id":"https://www.schema.org/text"},"field1":{"@id":"https://www.schema.org/text"},"policyId":{"@id":"https://www.schema.org/text"},"ref":{"@id":"https://www.schema.org/text"}}}}},"version":"1.0.0","creator":"did:hedera:testnet:8Dwycr7wWwWfwJLSw4JjcTJSjgZ64j5MRk5rMAU7Gi7y;hedera:testnet:tid=0.0.48829796","owner":"did:hedera:testnet:8Dwycr7wWwWfwJLSw4JjcTJSjgZ64j5MRk5rMAU7Gi7y;hedera:testnet:tid=0.0.48829796","topicId":"0.0.48954020","messageId":"1669209882.994961003","documentURL":"https://ipfs.io/ipfs/bafkreictcqome5rqaoj5464y4c7wpboxabovos22plb7sngtjucdzudpma","contextURL":"https://ipfs.io/ipfs/bafkreiddsnydmnsraemlrupax3qscv6qlh7kpcqa3kgohb7pe3vxy6ifym","iri":"#637e178cdee21ddc6f59664c-63665c078e3212af2f751c97&1.0.0","createDate":"2022-11-23T12:59:26.702Z","readonly":false,"system":false,"active":false,"category":"USER","id":"637e192e149cfc4656b2748a"}