{"_id":"637e1927149cfc4656b27487","uuid":"637e178cdee21ddc6f59664c","name":"Amana","description":"Amana","entity":"VC","status":"PUBLISHED","document":{"$id":"#637e178cdee21ddc6f59664c&1.0.0","$comment":"{ \"@id\": \"https://ipfs.io/ipfs/bafkreicuqd4vhoy2xpel2vrf4t34pon4ahbuzj7ikbtecgjcz7uepfnata#637e178cdee21ddc6f59664c&1.0.0\", \"term\": \"637e178cdee21ddc6f59664c&1.0.0\" }","title":"Amana","description":"Amana","type":"object","properties":{"@context":{"oneOf":[{"type":"string"},{"type":"array","items":{"type":"string"}}],"readOnly":true},"type":{"oneOf":[{"type":"string"},{"type":"array","items":{"type":"string"}}],"readOnly":true},"id":{"type":"string","readOnly":true},"field0":{"title":"type","description":"Project Type","readOnly":false,"type":"string","$comment":"{\"term\":\"field0\",\"@id\":\"https://www.schema.org/text\"}"},"field1":{"title":"partners","description":"Project Partners","readOnly":false,"type":"string","$comment":"{\"term\":\"field1\",\"@id\":\"https://www.schema.org/text\"}"},"field2":{"title":"standardRegistry","description":"Standard Registry","readOnly":false,"type":"string","$comment":"{\"term\":\"field2\",\"@id\":\"https://www.schema.org/text\"}"},"field3":{"title":"registryID","description":"Registry Project ID","readOnly":false,"type":"string","$comment":"{\"term\":\"field3\",\"@id\":\"https://www.schema.org/text\"}"},"field4":{"title":"name","description":"Project Name","readOnly":false,"type":"string","$comment":"{\"term\":\"field4\",\"@id\":\"https://www.schema.org/text\"}"},"field5":{"title":"size","description":"Project Size","readOnly":false,"type":"string","$comment":"{\"term\":\"field5\",\"@id\":\"https://www.schema.org/text\"}"},"field6":{"title":"units","description":"Project Units","readOnly":false,"type":"string","$comment":"{\"term\":\"field6\",\"@id\":\"https://www.schema.org/text\"}"},"field7":{"title":"region","description":"Region","readOnly":false,"type":"string","$comment":"{\"term\":\"field7\",\"@id\":\"https://www.schema.org/text\"}"},"field8":{"title":"annualAverage","description":"Average Annual Volume of VCU’s/VERs/ACC/CERs","readOnly":false,"type":"string","$comment":"{\"term\":\"field8\",\"@id\":\"https://www.schema.org/text\"}"},"field9":{"title":"startDate","description":"Project Start Date","readOnly":false,"type":"string","$comment":"{\"term\":\"field9\",\"@id\":\"https://www.schema.org/text\"}"},"field10":{"title":"endDate","description":"Project End Date","readOnly":false,"type":"string","$comment":"{\"term\":\"field10\",\"@id\":\"https://www.schema.org/text\"}"},"field11":{"title":"summary","description":"Project Summary","readOnly":false,"type":"string","$comment":"{\"term\":\"field11\",\"@id\":\"https://www.schema.org/text\"}"},"policyId":{"title":"policyId","description":"policyId","readOnly":true,"type":"string","$comment":"{\"term\":\"policyId\",\"@id\":\"https://www.schema.org/text\"}"},"ref":{"title":"ref","description":"ref","readOnly":true,"type":"string","$comment":"{\"term\":\"ref\",\"@id\":\"https://www.schema.org/text\"}"}},"required":["@context","type","field0","field1","field2","field3","field4","field5","field6","field7","field8","field9","field10","field11","policyId"],"additionalProperties":false,"$defs":{}},"context":{"@context":{"@version":1.1,"@vocab":"https://w3id.org/traceability/#undefinedTerm","id":"@id","type":"@type","637e178cdee21ddc6f59664c&1.0.0":{"@id":"#637e178cdee21ddc6f59664c&1.0.0","@context":{"field0":{"@id":"https://www.schema.org/text"},"field1":{"@id":"https://www.schema.org/text"},"field2":{"@id":"https://www.schema.org/text"},"field3":{"@id":"https://www.schema.org/text"},"field4":{"@id":"https://www.schema.org/text"},"field5":{"@id":"https://www.schema.org/text"},"field6":{"@id":"https://www.schema.org/text"},"field7":{"@id":"https://www.schema.org/text"},"field8":{"@id":"https://www.schema.org/text"},"field9":{"@id":"https://www.schema.org/text"},"field10":{"@id":"https://www.schema.org/text"},"field11":{"@id":"https://www.schema.org/text"},"policyId":{"@id":"https://www.schema.org/text"},"ref":{"@id":"https://www.schema.org/text"}}}}},"version":"1.0.0","creator":"did:hedera:testnet:8Dwycr7wWwWfwJLSw4JjcTJSjgZ64j5MRk5rMAU7Gi7y;hedera:testnet:tid=0.0.48829796","owner":"did:hedera:testnet:8Dwycr7wWwWfwJLSw4JjcTJSjgZ64j5MRk5rMAU7Gi7y;hedera:testnet:tid=0.0.48829796","topicId":"0.0.48954020","messageId":"1669209847.921498003","documentURL":"https://ipfs.io/ipfs/bafkreiaoxjpn4sskwto2w2uozfudbfjvft3phqcmqm6u5z26ce7rhxipzy","contextURL":"https://ipfs.io/ipfs/bafkreicuqd4vhoy2xpel2vrf4t34pon4ahbuzj7ikbtecgjcz7uepfnata","iri":"#637e178cdee21ddc6f59664c&1.0.0","createDate":"2022-11-23T12:59:19.072Z","readonly":false,"system":false,"active":false,"category":"USER","id":"637e1927149cfc4656b27487"}