{"_id":"637e192c149cfc4656b27489","uuid":"637e178cdee21ddc6f59664c-62f0ce2d61ed1c9be4433aa1","name":"Ex Ante Data Template","description":"Ex Ante Data Template","entity":"VC","status":"PUBLISHED","document":{"$id":"#637e178cdee21ddc6f59664c-62f0ce2d61ed1c9be4433aa1&1.0.0","$comment":"{ \"@id\": \"https://ipfs.io/ipfs/bafkreif5mv235lijk73hgk2m3zwvylnmbahiiqetd33n25y7tqaovd246y#637e178cdee21ddc6f59664c-62f0ce2d61ed1c9be4433aa1&1.0.0\", \"term\": \"637e178cdee21ddc6f59664c-62f0ce2d61ed1c9be4433aa1&1.0.0\" }","title":"Ex Ante Data Template","description":"Ex Ante Data Template","type":"object","properties":{"@context":{"oneOf":[{"type":"string"},{"type":"array","items":{"type":"string"}}],"readOnly":true},"type":{"oneOf":[{"type":"string"},{"type":"array","items":{"type":"string"}}],"readOnly":true},"id":{"type":"string","readOnly":true},"field0":{"title":"Data / Parameter","description":"Data / Parameter","readOnly":false,"type":"string","$comment":"{\"term\":\"field0\",\"@id\":\"https://www.schema.org/text\"}"},"field1":{"title":"Data unit","description":"Data unit","readOnly":false,"type":"string","$comment":"{\"term\":\"field1\",\"@id\":\"https://www.schema.org/text\"}"},"field2":{"title":"Description","description":"Description","readOnly":false,"type":"string","$comment":"{\"term\":\"field2\",\"@id\":\"https://www.schema.org/text\"}"},"field3":{"title":"Source of data","description":"Source of data","readOnly":false,"type":"string","$comment":"{\"term\":\"field3\",\"@id\":\"https://www.schema.org/text\"}"},"field4":{"title":"Description of measurement methods and procedures to be applied","description":"Description of measurement methods and procedures to be applied","readOnly":false,"type":"string","$comment":"{\"term\":\"field4\",\"@id\":\"https://www.schema.org/text\"}"},"field5":{"title":"Frequency of monitoring/recording","description":"Frequency of monitoring/recording","readOnly":false,"type":"string","$comment":"{\"term\":\"field5\",\"@id\":\"https://www.schema.org/text\"}"},"field6":{"title":"Value monitored","description":"Value monitored","readOnly":false,"type":"string","$comment":"{\"term\":\"field6\",\"@id\":\"https://www.schema.org/text\"}"},"field7":{"title":"Monitoring equipment","description":"Monitoring equipment","readOnly":false,"type":"string","$comment":"{\"term\":\"field7\",\"@id\":\"https://www.schema.org/text\"}"},"field8":{"title":"QA/QC procedures to be applied","description":"QA/QC procedures to be applied","readOnly":false,"type":"string","$comment":"{\"term\":\"field8\",\"@id\":\"https://www.schema.org/text\"}"},"field9":{"title":"Purpose of the data","description":"Purpose of the data","readOnly":false,"type":"string","$comment":"{\"term\":\"field9\",\"@id\":\"https://www.schema.org/text\"}"},"field10":{"title":"Calculation method","description":"Calculation method","readOnly":false,"type":"string","$comment":"{\"term\":\"field10\",\"@id\":\"https://www.schema.org/text\"}"},"field11":{"title":"Comments","description":"Comments","readOnly":false,"type":"string","$comment":"{\"term\":\"field11\",\"@id\":\"https://www.schema.org/text\"}"},"field12":{"title":"Operating Margin","description":"Operating Margin","readOnly":false,"type":"string","$comment":"{\"term\":\"field12\",\"@id\":\"https://www.schema.org/text\"}"},"field13":{"title":"Build Margin","description":"Build Margin","readOnly":false,"type":"string","$comment":"{\"term\":\"field13\",\"@id\":\"https://www.schema.org/text\"}"},"field14":{"title":"Average Weight of Operating Margin","description":"Average Weight of Operating Margin","readOnly":false,"type":"string","$comment":"{\"term\":\"field14\",\"@id\":\"https://www.schema.org/text\"}"},"field15":{"title":"Average Weight of Build Margin","description":"Average Weight of Build Margin","readOnly":false,"type":"string","$comment":"{\"term\":\"field15\",\"@id\":\"https://www.schema.org/text\"}"},"field16":{"title":"Emission Factor","description":"Emission Factor","readOnly":false,"type":"string","$comment":"{\"term\":\"field16\",\"@id\":\"https://www.schema.org/text\"}"},"field17":{"title":"Degedration Factor %","description":"Degedration Factor %","readOnly":false,"type":"string","$comment":"{\"term\":\"field17\",\"@id\":\"https://www.schema.org/text\"}"},"policyId":{"title":"policyId","description":"policyId","readOnly":true,"type":"string","$comment":"{\"term\":\"policyId\",\"@id\":\"https://www.schema.org/text\"}"},"ref":{"title":"ref","description":"ref","readOnly":true,"type":"string","$comment":"{\"term\":\"ref\",\"@id\":\"https://www.schema.org/text\"}"}},"required":["@context","type","field0","field1","field2","field3","field4","field5","field6","field7","field8","field9","field10","field11","field12","field13","field14","field15","field16","field17","policyId"],"additionalProperties":false,"$defs":{}},"context":{"@context":{"@version":1.1,"@vocab":"https://w3id.org/traceability/#undefinedTerm","id":"@id","type":"@type","637e178cdee21ddc6f59664c-62f0ce2d61ed1c9be4433aa1&1.0.0":{"@id":"#637e178cdee21ddc6f59664c-62f0ce2d61ed1c9be4433aa1&1.0.0","@context":{"field0":{"@id":"https://www.schema.org/text"},"field1":{"@id":"https://www.schema.org/text"},"field2":{"@id":"https://www.schema.org/text"},"field3":{"@id":"https://www.schema.org/text"},"field4":{"@id":"https://www.schema.org/text"},"field5":{"@id":"https://www.schema.org/text"},"field6":{"@id":"https://www.schema.org/text"},"field7":{"@id":"https://www.schema.org/text"},"field8":{"@id":"https://www.schema.org/text"},"field9":{"@id":"https://www.schema.org/text"},"field10":{"@id":"https://www.schema.org/text"},"field11":{"@id":"https://www.schema.org/text"},"field12":{"@id":"https://www.schema.org/text"},"field13":{"@id":"https://www.schema.org/text"},"field14":{"@id":"https://www.schema.org/text"},"field15":{"@id":"https://www.schema.org/text"},"field16":{"@id":"https://www.schema.org/text"},"field17":{"@id":"https://www.schema.org/text"},"policyId":{"@id":"https://www.schema.org/text"},"ref":{"@id":"https://www.schema.org/text"}}}}},"version":"1.0.0","creator":"did:hedera:testnet:8Dwycr7wWwWfwJLSw4JjcTJSjgZ64j5MRk5rMAU7Gi7y;hedera:testnet:tid=0.0.48829796","owner":"did:hedera:testnet:8Dwycr7wWwWfwJLSw4JjcTJSjgZ64j5MRk5rMAU7Gi7y;hedera:testnet:tid=0.0.48829796","topicId":"0.0.48954020","messageId":"1669209871.211493372","documentURL":"https://ipfs.io/ipfs/bafkreiaxoujunnfx6ssv2e7pk66rtn3tws3xeclaplskiq2talpm7bwsrm","contextURL":"https://ipfs.io/ipfs/bafkreif5mv235lijk73hgk2m3zwvylnmbahiiqetd33n25y7tqaovd246y","iri":"#637e178cdee21ddc6f59664c-62f0ce2d61ed1c9be4433aa1&1.0.0","createDate":"2022-11-23T12:59:24.251Z","readonly":false,"system":false,"active":false,"category":"USER","id":"637e192c149cfc4656b27489"}