{"_id":"637e1929149cfc4656b27488","uuid":"bf7ab0c1-a5cd-4736-b3f3-834c28c4077a","name":"Issuance Certificate","description":"Issuance Certificate","entity":"VC","status":"PUBLISHED","document":{"$id":"#bf7ab0c1-a5cd-4736-b3f3-834c28c4077a&1.0.0","$comment":"{ \"@id\": \"https://ipfs.io/ipfs/bafkreiged4y4gib73ian6fxkk4thz45eiscrf2fhapusbjynerizywtr7e#bf7ab0c1-a5cd-4736-b3f3-834c28c4077a&1.0.0\", \"term\": \"bf7ab0c1-a5cd-4736-b3f3-834c28c4077a&1.0.0\" }","title":"Issuance Certificate","description":"Issuance Certificate","type":"object","properties":{"@context":{"oneOf":[{"type":"string"},{"type":"array","items":{"type":"string"}}],"readOnly":true},"type":{"oneOf":[{"type":"string"},{"type":"array","items":{"type":"string"}}],"readOnly":true},"id":{"type":"string","readOnly":true},"field0":{"title":"issuedVers","description":"Issued VERs","readOnly":false,"type":"string","$comment":"{\"term\":\"field0\",\"@id\":\"https://www.schema.org/text\"}"},"field1":{"title":"issuanceApprovedDate","description":"Issuance Approved Date","readOnly":false,"type":"string","$comment":"{\"term\":\"field1\",\"@id\":\"https://www.schema.org/text\"}"},"field2":{"title":"serialNo","description":"Serial Number","readOnly":false,"type":"string","$comment":"{\"term\":\"field2\",\"@id\":\"https://www.schema.org/text\"}"},"field3":{"title":"documentURL","description":"Document IPFS url","readOnly":false,"type":"string","$comment":"{\"term\":\"field3\",\"@id\":\"https://www.schema.org/text\"}"},"field4":{"title":"clientRef","description":"Client Id Reference","readOnly":false,"type":"string","$comment":"{\"term\":\"field4\",\"@id\":\"https://www.schema.org/text\"}"},"field5":{"title":"projectRef","description":"Project Id Reference","readOnly":false,"type":"string","$comment":"{\"term\":\"field5\",\"@id\":\"https://www.schema.org/text\"}"},"field6":{"title":"transactionIds","description":"List of Transaction Ids","readOnly":false,"type":"string","$comment":"{\"term\":\"field6\",\"@id\":\"https://www.schema.org/text\"}"},"field7":{"title":"proponentAccount","description":"Proponent Account Id","readOnly":false,"type":"string","pattern":"^\\d+\\.\\d+\\.\\d+$","$comment":"{\"term\":\"field7\",\"@id\":\"https://www.schema.org/text\",\"customType\":\"hederaAccount\"}"},"policyId":{"title":"policyId","description":"policyId","readOnly":true,"type":"string","$comment":"{\"term\":\"policyId\",\"@id\":\"https://www.schema.org/text\"}"},"ref":{"title":"ref","description":"ref","readOnly":true,"type":"string","$comment":"{\"term\":\"ref\",\"@id\":\"https://www.schema.org/text\"}"}},"required":["@context","type","field0","field1","field2","field3","field4","field5","field6","field7","policyId"],"additionalProperties":false,"$defs":{}},"context":{"@context":{"@version":1.1,"@vocab":"https://w3id.org/traceability/#undefinedTerm","id":"@id","type":"@type","bf7ab0c1-a5cd-4736-b3f3-834c28c4077a&1.0.0":{"@id":"#bf7ab0c1-a5cd-4736-b3f3-834c28c4077a&1.0.0","@context":{"field0":{"@id":"https://www.schema.org/text"},"field1":{"@id":"https://www.schema.org/text"},"field2":{"@id":"https://www.schema.org/text"},"field3":{"@id":"https://www.schema.org/text"},"field4":{"@id":"https://www.schema.org/text"},"field5":{"@id":"https://www.schema.org/text"},"field6":{"@id":"https://www.schema.org/text"},"field7":{"@id":"https://www.schema.org/text"},"policyId":{"@id":"https://www.schema.org/text"},"ref":{"@id":"https://www.schema.org/text"}}}}},"version":"1.0.0","creator":"did:hedera:testnet:8Dwycr7wWwWfwJLSw4JjcTJSjgZ64j5MRk5rMAU7Gi7y;hedera:testnet:tid=0.0.48829796","owner":"did:hedera:testnet:8Dwycr7wWwWfwJLSw4JjcTJSjgZ64j5MRk5rMAU7Gi7y;hedera:testnet:tid=0.0.48829796","topicId":"0.0.48954020","messageId":"1669209859.447295141","documentURL":"https://ipfs.io/ipfs/bafkreihe75wvc362mhzb744wcbsgu47jqaeyfyqrp3spbymqxlydfsuwau","contextURL":"https://ipfs.io/ipfs/bafkreiged4y4gib73ian6fxkk4thz45eiscrf2fhapusbjynerizywtr7e","iri":"#bf7ab0c1-a5cd-4736-b3f3-834c28c4077a&1.0.0","createDate":"2022-11-23T12:59:21.773Z","readonly":false,"system":false,"active":false,"category":"USER","id":"637e1929149cfc4656b27488"}