{"id":"6256ccf42f82a25d1688fb49","uuid":"143e109a-a089-48a1-8a7b-534bfaf79c4d","hash":"","name":"I-REC Issue Request","description":"I-REC Issue Request","entity":"VC","status":"PUBLISHED","readonly":false,"document":{"$id":"#143e109a-a089-48a1-8a7b-534bfaf79c4d&1.0.0","$comment":"{\"term\": \"143e109a-a089-48a1-8a7b-534bfaf79c4d&1.0.0\", \"@id\": \"https://ipfs.io/ipfs/bafkreigst33hnvwom2vqzzokwg7jdjj7ypdqn7qya2ljjbgvwpf2o3hs2y#143e109a-a089-48a1-8a7b-534bfaf79c4d&1.0.0\"}","title":"I-REC Issue Request","description":"I-REC Issue Request","type":"object","properties":{"@context":{"oneOf":[{"type":"string"},{"type":"array","items":{"type":"string"}}],"readOnly":true},"type":{"oneOf":[{"type":"string"},{"type":"array","items":{"type":"string"}}],"readOnly":true},"id":{"type":"string","readOnly":true},"field0":{"title":"Registrant Id","description":"Registrant Id","readOnly":false,"$comment":"{\"term\": \"field0\", \"@id\": \"https://www.schema.org/text\"}","type":"string"},"field1":{"title":"Production Device/Production Group Id","description":"Production Device/Production Group Id","readOnly":false,"$comment":"{\"term\": \"field1\", \"@id\": \"https://www.schema.org/text\"}","type":"string"},"field2":{"title":"Registrant Details","description":"Registrant Details","readOnly":false,"$comment":"{\"term\": \"field2\", \"@id\": \"https://ipfs.io/ipfs/bafkreigvosme6ktbnfrbjcmttddtqqvvjzvoxjiakum4ahxuq3s4owswgq#706bb8da-7f39-4518-85c3-b4b23a6ef28a\"}","$ref":"#706bb8da-7f39-4518-85c3-b4b23a6ef28a"},"field3":{"title":"Production Device/Production Group","description":"Production Device/Production Group","readOnly":false,"$comment":"{\"term\": \"field3\", \"@id\": \"https://ipfs.io/ipfs/bafkreigvosme6ktbnfrbjcmttddtqqvvjzvoxjiakum4ahxuq3s4owswgq#64c171a2-ac60-4972-b796-8596381c65a8\"}","$ref":"#64c171a2-ac60-4972-b796-8596381c65a8"},"field4":{"title":"Labelling scheme(s)","description":"labeling scheme(s)","readOnly":false,"$comment":"{\"term\": \"field4\", \"@id\": \"https://www.schema.org/text\"}","type":"string"},"field5":{"title":"Last registration date","description":"Last registration date","readOnly":false,"$comment":"{\"term\": \"field5\", \"@id\": \"https://www.schema.org/text\"}","type":"string","format":"date"},"field6":{"title":"Production Period Start Date","description":"Production Period Start Date","readOnly":false,"$comment":"{\"term\": \"field6\", \"@id\": \"https://www.schema.org/text\"}","type":"string","format":"date"},"field7":{"title":"Total kWh Produced in this period","description":"Total kWh Produced in this period","readOnly":false,"$comment":"{\"term\": \"field7\", \"@id\": \"https://www.schema.org/text\"}","type":"number"},"field8":{"title":"Production Period End Date","description":"Production Period End Date","readOnly":false,"$comment":"{\"term\": \"field8\", \"@id\": \"https://www.schema.org/text\"}","type":"string","format":"date"},"field9":{"title":"Percentage of eligible total applied for","description":"Percentage of eligible total applied for","readOnly":false,"$comment":"{\"term\": \"field9\", \"@id\": \"https://www.schema.org/text\"}","type":"integer"},"field10":{"title":"Type a: Settlement Metering data","description":"Type a: Settlement Metering data","readOnly":false,"$comment":"{\"term\": \"field10\", \"@id\": \"https://www.schema.org/text\"}","type":"string"},"field11":{"title":"Type b: Non-settlement Metering data","description":"Type b: Non-settlement Metering data","readOnly":false,"$comment":"{\"term\": \"field11\", \"@id\": \"https://www.schema.org/text\"}","type":"string"},"field12":{"title":"Type c: Measured Volume Transfer documentation","description":"Type c: Measured Volume Transfer documentation","readOnly":false,"$comment":"{\"term\": \"field12\", \"@id\": \"https://www.schema.org/text\"}","type":"string"},"field13":{"title":"Type d: Other","description":"Type d: Other","readOnly":false,"$comment":"{\"term\": \"field13\", \"@id\": \"https://www.schema.org/text\"}","type":"string"},"field14":{"title":"Is the production of this electricity counted towards a national, sub-national or regulatory target?","description":"Is the production of this electricity counted towards a national, sub-national or regulatory target?","readOnly":false,"$comment":"{\"term\": \"field14\", \"@id\": \"https://www.schema.org/text\"}","type":"boolean"},"field15":{"title":"Is any of this production subject to a public consumption obligation?","description":"Is any of this production subject to a public consumption obligation?","readOnly":false,"$comment":"{\"term\": \"field15\", \"@id\": \"https://www.schema.org/text\"}","type":"boolean"},"field16":{"title":"Do you retain the right to obtain emissions reduction certificates or carbon offsets for the energy nominated in this Issue Request?","description":"Do you retain the right to obtain emissions reduction certificates or carbon offsets for the energy nominated in this Issue Request?","readOnly":false,"$comment":"{\"term\": \"field16\", \"@id\": \"https://www.schema.org/text\"}","type":"boolean"},"field17":{"title":"I-REC Participant name","description":"I-REC Participant name","readOnly":false,"$comment":"{\"term\": \"field17\", \"@id\": \"https://www.schema.org/text\"}","type":"string"},"field18":{"title":"Account number","description":"Account number","readOnly":false,"$comment":"{\"term\": \"field18\", \"@id\": \"https://www.schema.org/text\"}","type":"string"},"policyId":{"title":"policyId","description":"policyId","readOnly":true,"$comment":"{\"term\": \"policyId\", \"@id\": \"https://www.schema.org/text\"}","type":"string"},"ref":{"title":"ref","description":"ref","readOnly":true,"$comment":"{\"term\": \"ref\", \"@id\": \"https://www.schema.org/text\"}","type":"string"}},"required":["@context","type","field2","field3","field6","field7","field8","field17","field18","policyId"],"additionalProperties":false,"$defs":{"#706bb8da-7f39-4518-85c3-b4b23a6ef28a":{"$id":"#706bb8da-7f39-4518-85c3-b4b23a6ef28a","$comment":"{\"term\": \"706bb8da-7f39-4518-85c3-b4b23a6ef28a\", \"@id\": \"https://ipfs.io/ipfs/bafkreidwms3pistbvq472d3zkhpll7eth7azpwmftour4xmzrntvibhk2u#706bb8da-7f39-4518-85c3-b4b23a6ef28a\"}","title":"Contact Details","description":"Contact Details","type":"object","properties":{"@context":{"oneOf":[{"type":"string"},{"type":"array","items":{"type":"string"}}],"readOnly":true},"type":{"oneOf":[{"type":"string"},{"type":"array","items":{"type":"string"}}],"readOnly":true},"id":{"type":"string","readOnly":true},"field0":{"title":"Organization Name","description":"Organization Name","readOnly":false,"$comment":"{\"term\": \"field0\", \"@id\": \"https://www.schema.org/text\"}","type":"string"},"field1":{"title":"Address line 1","description":"Address line 1","readOnly":false,"$comment":"{\"term\": \"field1\", \"@id\": \"https://www.schema.org/text\"}","type":"string"},"field2":{"title":"Address line 2","description":"Address line 2","readOnly":false,"$comment":"{\"term\": \"field2\", \"@id\": \"https://www.schema.org/text\"}","type":"string"},"field3":{"title":"Address line 3","description":"Address line 3","readOnly":false,"$comment":"{\"term\": \"field3\", \"@id\": \"https://www.schema.org/text\"}","type":"string"},"field4":{"title":"Postal code","description":"Postal code","readOnly":false,"$comment":"{\"term\": \"field4\", \"@id\": \"https://www.schema.org/text\"}","type":"string"},"field5":{"title":"Country","description":"Country","readOnly":false,"$comment":"{\"term\": \"field5\", \"@id\": \"https://www.schema.org/text\"}","type":"string"},"field6":{"title":"Contact person","description":"Contact person","readOnly":false,"$comment":"{\"term\": \"field6\", \"@id\": \"https://www.schema.org/text\"}","type":"string"},"field7":{"title":"e-mail","description":"e-mail","readOnly":false,"$comment":"{\"term\": \"field7\", \"@id\": \"https://www.schema.org/text\"}","type":"string","format":"email"},"field8":{"title":"Telephone","description":"Telephone","readOnly":false,"$comment":"{\"term\": \"field8\", \"@id\": \"https://www.schema.org/text\"}","type":"string"},"field9":{"title":"Fax","description":"Fax","readOnly":false,"$comment":"{\"term\": \"field9\", \"@id\": \"https://www.schema.org/text\"}","type":"string"},"field10":{"title":"Existing I-REC Registry organization(s) to become subsidiary","description":"Existing I-REC Registry organization(s) to become subsidiary","readOnly":false,"$comment":"{\"term\": \"field10\", \"@id\": \"https://www.schema.org/text\"}","type":"string"}},"required":["@context","type"],"additionalProperties":false},"#64c171a2-ac60-4972-b796-8596381c65a8":{"$id":"#64c171a2-ac60-4972-b796-8596381c65a8","$comment":"{\"term\": \"64c171a2-ac60-4972-b796-8596381c65a8\", \"@id\": \"https://ipfs.io/ipfs/bafkreibfmmst6ivkxzdcpmxf75lmtlhewgniohcexyhnbdqzg3lbnsgmte#64c171a2-ac60-4972-b796-8596381c65a8\"}","title":"Production Device","description":"Production Device","type":"object","properties":{"@context":{"oneOf":[{"type":"string"},{"type":"array","items":{"type":"string"}}],"readOnly":true},"type":{"oneOf":[{"type":"string"},{"type":"array","items":{"type":"string"}}],"readOnly":true},"id":{"type":"string","readOnly":true},"field0":{"title":"Device Name","description":"Device Name","readOnly":false,"$comment":"{\"term\": \"field0\", \"@id\": \"https://www.schema.org/text\"}","type":"string"},"field1":{"title":"Address","description":"Address","readOnly":false,"$comment":"{\"term\": \"field1\", \"@id\": \"https://www.schema.org/text\"}","type":"string"},"field2":{"title":"Postal code","description":"Postal code","readOnly":false,"$comment":"{\"term\": \"field2\", \"@id\": \"https://www.schema.org/text\"}","type":"string"},"field3":{"title":"Country","description":"Country","readOnly":false,"$comment":"{\"term\": \"field3\", \"@id\": \"https://www.schema.org/text\"}","type":"string"},"field4":{"title":"Longitude","description":"Longitude","readOnly":false,"$comment":"{\"term\": \"field4\", \"@id\": \"https://www.schema.org/text\"}","type":"string"},"field5":{"title":"Latitude","description":"Latitude","readOnly":false,"$comment":"{\"term\": \"field5\", \"@id\": \"https://www.schema.org/text\"}","type":"string"},"field6":{"title":"TSO’s ID for measurement point","description":"TSO’s ID for measurement point","readOnly":false,"$comment":"{\"term\": \"field6\", \"@id\": \"https://www.schema.org/text\"}","type":"string"},"field7":{"title":"Installed capacity (kW)","description":"Installed capacity (kW)","readOnly":false,"$comment":"{\"term\": \"field7\", \"@id\": \"https://www.schema.org/text\"}","type":"number"},"field8":{"title":"Number of generating units","description":"Number of generating units","readOnly":false,"$comment":"{\"term\": \"field8\", \"@id\": \"https://www.schema.org/text\"}","type":"integer"},"field9":{"title":"Date of commissioning","description":"Date of commissioning","readOnly":false,"$comment":"{\"term\": \"field9\", \"@id\": \"https://www.schema.org/text\"}","type":"string","format":"date"},"field10":{"title":"Owner of the network to which the Production Device is connected and the voltage of that connection","description":"Owner of the network to which the Production Device is connected and the voltage of that connection","readOnly":false,"$comment":"{\"term\": \"field10\", \"@id\": \"https://www.schema.org/text\"}","type":"string"},"field11":{"title":"If the Production Device is not connected directly to the grid, specify the circumstances, and additional relevant meter registration numbers","description":"If the Production Device is not connected directly to the grid, specify the circumstances, and additional relevant meter registration numbers","readOnly":false,"$comment":"{\"term\": \"field11\", \"@id\": \"https://www.schema.org/text\"}","type":"string"},"field12":{"title":"Expected form of volume evidence","description":"Expected form of volume evidence","readOnly":false,"$comment":"{\"term\": \"field12\", \"@id\": \"https://www.schema.org/text\"}","type":"string"},"field13":{"title":"If other please specify","description":"If other please specify","readOnly":false,"$comment":"{\"term\": \"field13\", \"@id\": \"https://www.schema.org/text\"}","type":"string"}},"required":["@context","type"],"additionalProperties":false}}},"context":{"@context":{"@version":1.1,"@vocab":"https://w3id.org/traceability/#undefinedTerm","id":"@id","type":"@type","706bb8da-7f39-4518-85c3-b4b23a6ef28a":{"@id":"https://ipfs.io/ipfs/bafkreidwms3pistbvq472d3zkhpll7eth7azpwmftour4xmzrntvibhk2u#706bb8da-7f39-4518-85c3-b4b23a6ef28a","@context":{"field0":{"@id":"https://www.schema.org/text"},"field1":{"@id":"https://www.schema.org/text"},"field2":{"@id":"https://www.schema.org/text"},"field3":{"@id":"https://www.schema.org/text"},"field4":{"@id":"https://www.schema.org/text"},"field5":{"@id":"https://www.schema.org/text"},"field6":{"@id":"https://www.schema.org/text"},"field7":{"@id":"https://www.schema.org/text"},"field8":{"@id":"https://www.schema.org/text"},"field9":{"@id":"https://www.schema.org/text"},"field10":{"@id":"https://www.schema.org/text"}}},"64c171a2-ac60-4972-b796-8596381c65a8":{"@id":"https://ipfs.io/ipfs/bafkreibfmmst6ivkxzdcpmxf75lmtlhewgniohcexyhnbdqzg3lbnsgmte#64c171a2-ac60-4972-b796-8596381c65a8","@context":{"field0":{"@id":"https://www.schema.org/text"},"field1":{"@id":"https://www.schema.org/text"},"field2":{"@id":"https://www.schema.org/text"},"field3":{"@id":"https://www.schema.org/text"},"field4":{"@id":"https://www.schema.org/text"},"field5":{"@id":"https://www.schema.org/text"},"field6":{"@id":"https://www.schema.org/text"},"field7":{"@id":"https://www.schema.org/text"},"field8":{"@id":"https://www.schema.org/text"},"field9":{"@id":"https://www.schema.org/text"},"field10":{"@id":"https://www.schema.org/text"},"field11":{"@id":"https://www.schema.org/text"},"field12":{"@id":"https://www.schema.org/text"},"field13":{"@id":"https://www.schema.org/text"}}},"143e109a-a089-48a1-8a7b-534bfaf79c4d&1.0.0":{"@id":"https://ipfs.io/ipfs/bafkreigst33hnvwom2vqzzokwg7jdjj7ypdqn7qya2ljjbgvwpf2o3hs2y#143e109a-a089-48a1-8a7b-534bfaf79c4d&1.0.0","@context":{"field0":{"@id":"https://www.schema.org/text"},"field1":{"@id":"https://www.schema.org/text"},"field4":{"@id":"https://www.schema.org/text"},"field5":{"@id":"https://www.schema.org/text"},"field6":{"@id":"https://www.schema.org/text"},"field7":{"@id":"https://www.schema.org/text"},"field8":{"@id":"https://www.schema.org/text"},"field9":{"@id":"https://www.schema.org/text"},"field10":{"@id":"https://www.schema.org/text"},"field11":{"@id":"https://www.schema.org/text"},"field12":{"@id":"https://www.schema.org/text"},"field13":{"@id":"https://www.schema.org/text"},"field14":{"@id":"https://www.schema.org/text"},"field15":{"@id":"https://www.schema.org/text"},"field16":{"@id":"https://www.schema.org/text"},"field17":{"@id":"https://www.schema.org/text"},"field18":{"@id":"https://www.schema.org/text"},"policyId":{"@id":"https://www.schema.org/text"},"ref":{"@id":"https://www.schema.org/text"},"field2":{"@id":"https://ipfs.io/ipfs/bafkreigvosme6ktbnfrbjcmttddtqqvvjzvoxjiakum4ahxuq3s4owswgq#706bb8da-7f39-4518-85c3-b4b23a6ef28a"},"field3":{"@id":"https://ipfs.io/ipfs/bafkreigvosme6ktbnfrbjcmttddtqqvvjzvoxjiakum4ahxuq3s4owswgq#64c171a2-ac60-4972-b796-8596381c65a8"}}}}},"version":"1.0.0","creator":"did:hedera:testnet:9ZJXR58X9XQUgwiuxQQiTUt5yY2vX2Tw5Uph4xXsnkfM;hedera:testnet:tid=0.0.34194893","owner":"did:hedera:testnet:9ZJXR58X9XQUgwiuxQQiTUt5yY2vX2Tw5Uph4xXsnkfM;hedera:testnet:tid=0.0.34194893","topicId":"0.0.34194896","messageId":"1649855770.382183430","documentURL":"https://ipfs.io/ipfs/bafkreibda2f23vqjrbgon36ngbbjbdxurujxeyarkz7f4jrup3qfelrl44","contextURL":"https://ipfs.io/ipfs/bafkreidcyabsha6frnfqie7bpa5o3yrb6cllglsxd4krjksvreg35ygluy","iri":"#143e109a-a089-48a1-8a7b-534bfaf79c4d&1.0.0","createDate":"2022-04-13T13:15:32.832Z","category":"USER"}