{"id":"6256ccf02f82a25d1688fb46","uuid":"21e8cb45-c563-4430-b6ad-2f802b6f45ef","hash":"","name":"Applicant Details","description":" Applicant Details","entity":"NONE","status":"DRAFT","readonly":false,"document":{"$id":"#21e8cb45-c563-4430-b6ad-2f802b6f45ef","$comment":"{\"term\": \"21e8cb45-c563-4430-b6ad-2f802b6f45ef\", \"@id\": \"https://ipfs.io/ipfs/bafkreiccvegww5tcmpsttpg2mqd7ahoxc23xvj7ocbushq6kamiibszrsu#21e8cb45-c563-4430-b6ad-2f802b6f45ef\"}","title":"Applicant Details","description":" Applicant Details","type":"object","properties":{"@context":{"oneOf":[{"type":"string"},{"type":"array","items":{"type":"string"}}],"readOnly":true},"type":{"oneOf":[{"type":"string"},{"type":"array","items":{"type":"string"}}],"readOnly":true},"id":{"type":"string","readOnly":true},"field0":{"title":"Applicant Legal Name","description":"Applicant Legal Name","readOnly":false,"$comment":"{\"term\": \"field0\", \"@id\": \"https://www.schema.org/text\"}","type":"string"},"field1":{"title":"Registered address line 1","description":"Registered address line 1","readOnly":false,"$comment":"{\"term\": \"field1\", \"@id\": \"https://www.schema.org/text\"}","type":"string"},"field2":{"title":"Registered address line 2","description":"Registered address line 2","readOnly":false,"$comment":"{\"term\": \"field2\", \"@id\": \"https://www.schema.org/text\"}","type":"string"},"field3":{"title":"Registered address line 3","description":"Registered address line 3","readOnly":false,"$comment":"{\"term\": \"field3\", \"@id\": \"https://www.schema.org/text\"}","type":"string"},"field4":{"title":"Postal (ZIP) code","description":"Postal (ZIP) code","readOnly":false,"$comment":"{\"term\": \"field4\", \"@id\": \"https://www.schema.org/text\"}","type":"string"},"field5":{"title":"Country","description":"Country","readOnly":false,"$comment":"{\"term\": \"field5\", \"@id\": \"https://www.schema.org/text\"}","type":"string"},"field6":{"title":"Legal Status","description":"Legal Status","readOnly":false,"$comment":"{\"term\": \"field6\", \"@id\": \"https://www.schema.org/text\"}","type":"string"},"field7":{"title":"Country of company registration/private residence","description":"Country of company registration/private residence","readOnly":false,"$comment":"{\"term\": \"field7\", \"@id\": \"https://www.schema.org/text\"}","type":"string"},"field8":{"title":"Corporate registration number/passport number","description":"Corporate registration number/passport number","readOnly":false,"$comment":"{\"term\": \"field8\", \"@id\": \"https://www.schema.org/text\"}","type":"string"},"field9":{"title":"VAT number","description":"VAT number","readOnly":false,"$comment":"{\"term\": \"field9\", \"@id\": \"https://www.schema.org/text\"}","type":"string"},"field10":{"title":"Website URL","description":"Website URL","readOnly":false,"$comment":"{\"term\": \"field10\", \"@id\": \"https://www.schema.org/text\"}","type":"string"},"field11":{"title":"Main business (e.g. food retailer)","description":"Main business (e.g. food retailer)","readOnly":false,"$comment":"{\"term\": \"field11\", \"@id\": \"https://www.schema.org/text\"}","type":"string"},"field12":{"title":"Year of registration","description":"Year of registration","readOnly":false,"$comment":"{\"term\": \"field12\", \"@id\": \"https://www.schema.org/text\"}","type":"integer"},"field13":{"title":"Approximate number of employees","description":"Approximate number of employees","readOnly":false,"$comment":"{\"term\": \"field13\", \"@id\": \"https://www.schema.org/text\"}","type":"integer"},"field14":{"title":"Name of the Chief Executive Officer/General Manager","description":"Name of the Chief Executive Officer/General Manager","readOnly":false,"$comment":"{\"term\": \"field14\", \"@id\": \"https://www.schema.org/text\"}","type":"string"},"field15":{"title":"Chief Executive Officer/General Manager passport number","description":"Chief Executive Officer/General Manager passport number","readOnly":false,"$comment":"{\"term\": \"field15\", \"@id\": \"https://www.schema.org/text\"}","type":"string"},"field16":{"title":"Please state in which countries the organization is active","description":"Please state in which countries the organization is active","readOnly":false,"$comment":"{\"term\": \"field16\", \"@id\": \"https://www.schema.org/text\"}","type":"string"},"field17":{"title":"Please list the main (>10%) shareholders ","description":"Please list the main (>10%) shareholders ","readOnly":false,"$comment":"{\"term\": \"field17\", \"@id\": \"https://www.schema.org/text\"}","type":"string"},"field18":{"title":"Balance sheet total for last financial year (in USD)","description":"Balance sheet total for last financial year (in USD)","readOnly":false,"$comment":"{\"term\": \"field18\", \"@id\": \"https://www.schema.org/text\"}","type":"number"},"field19":{"title":"Email address for Accounts Department","description":"Email address for Accounts Department","readOnly":false,"$comment":"{\"term\": \"field19\", \"@id\": \"https://www.schema.org/text\"}","type":"string","format":"email"}},"required":["@context","type"],"additionalProperties":false,"$defs":{}},"context":{"@context":{"@version":1.1,"@vocab":"https://w3id.org/traceability/#undefinedTerm","id":"@id","type":"@type","21e8cb45-c563-4430-b6ad-2f802b6f45ef":{"@id":"https://ipfs.io/ipfs/bafkreihe55hxacf32sxuybe3s3otblhfs3y5qlk3lccjvksh7kncwf6ura#21e8cb45-c563-4430-b6ad-2f802b6f45ef","@context":{"field0":{"@id":"https://www.schema.org/text"},"field1":{"@id":"https://www.schema.org/text"},"field2":{"@id":"https://www.schema.org/text"},"field3":{"@id":"https://www.schema.org/text"},"field4":{"@id":"https://www.schema.org/text"},"field5":{"@id":"https://www.schema.org/text"},"field6":{"@id":"https://www.schema.org/text"},"field7":{"@id":"https://www.schema.org/text"},"field8":{"@id":"https://www.schema.org/text"},"field9":{"@id":"https://www.schema.org/text"},"field10":{"@id":"https://www.schema.org/text"},"field11":{"@id":"https://www.schema.org/text"},"field12":{"@id":"https://www.schema.org/text"},"field13":{"@id":"https://www.schema.org/text"},"field14":{"@id":"https://www.schema.org/text"},"field15":{"@id":"https://www.schema.org/text"},"field16":{"@id":"https://www.schema.org/text"},"field17":{"@id":"https://www.schema.org/text"},"field18":{"@id":"https://www.schema.org/text"},"field19":{"@id":"https://www.schema.org/text"}}}}},"version":"","creator":"did:hedera:testnet:9ZJXR58X9XQUgwiuxQQiTUt5yY2vX2Tw5Uph4xXsnkfM;hedera:testnet:tid=0.0.34194893","owner":"did:hedera:testnet:9ZJXR58X9XQUgwiuxQQiTUt5yY2vX2Tw5Uph4xXsnkfM;hedera:testnet:tid=0.0.34194893","topicId":"0.0.34194896","messageId":null,"documentURL":"https://ipfs.io/ipfs/bafkreibjnbunrlxn6hepnh75t4doy5bsmppzau7pv5gpxn6tvbkkkfpv4y","contextURL":"https://ipfs.io/ipfs/bafkreiccvegww5tcmpsttpg2mqd7ahoxc23xvj7ocbushq6kamiibszrsu","iri":"#21e8cb45-c563-4430-b6ad-2f802b6f45ef","createDate":"2022-04-13T13:15:28.442Z","category":"USER"}