{"id":"6256ccf32f82a25d1688fb48","uuid":"3cf4e8d4-4cdf-4a0b-a0a1-dbfe6c2f017c","hash":"","name":"I-REC Facility & Device Reg","description":"I-REC Facility & Device Reg","entity":"VC","status":"PUBLISHED","readonly":false,"document":{"$id":"#3cf4e8d4-4cdf-4a0b-a0a1-dbfe6c2f017c&1.0.0","$comment":"{\"term\": \"3cf4e8d4-4cdf-4a0b-a0a1-dbfe6c2f017c&1.0.0\", \"@id\": \"https://ipfs.io/ipfs/bafkreiccquvrdtr2uxrzfho6q5prj5l2hrymdvbwa7xghpeff7obqfdnuu#3cf4e8d4-4cdf-4a0b-a0a1-dbfe6c2f017c&1.0.0\"}","title":"I-REC Facility & Device Reg","description":"I-REC Facility & Device Reg","type":"object","properties":{"@context":{"oneOf":[{"type":"string"},{"type":"array","items":{"type":"string"}}],"readOnly":true},"type":{"oneOf":[{"type":"string"},{"type":"array","items":{"type":"string"}}],"readOnly":true},"id":{"type":"string","readOnly":true},"field0":{"title":"Registrant Id","description":"Registrant Id","readOnly":false,"$comment":"{\"term\": \"field0\", \"@id\": \"https://www.schema.org/text\"}","type":"string"},"field1":{"title":"Date","description":"Date","readOnly":false,"$comment":"{\"term\": \"field1\", \"@id\": \"https://www.schema.org/text\"}","type":"string","format":"date"},"field2":{"title":"Is the Registrant also the owner of the Device? (provide evidence) ","description":"Is the Registrant also the owner of the Device? (provide evidence) ","readOnly":false,"$comment":"{\"term\": \"field2\", \"@id\": \"https://www.schema.org/text\"}","type":"string"},"field3":{"title":"Registrant Details","description":"Registrant Details","readOnly":false,"$comment":"{\"term\": \"field3\", \"@id\": \"https://ipfs.io/ipfs/bafkreie567lxme4xxcz7gjyyj7lk2jhf3oa5hnbukqctyjjx42y2pfrqx4#706bb8da-7f39-4518-85c3-b4b23a6ef28a\"}","$ref":"#706bb8da-7f39-4518-85c3-b4b23a6ef28a"},"field4":{"title":"Production Device Details","description":"Production Device Details","readOnly":false,"$comment":"{\"term\": \"field4\", \"@id\": \"https://ipfs.io/ipfs/bafkreie567lxme4xxcz7gjyyj7lk2jhf3oa5hnbukqctyjjx42y2pfrqx4#64c171a2-ac60-4972-b796-8596381c65a8\"}","$ref":"#64c171a2-ac60-4972-b796-8596381c65a8"},"field5":{"title":"Energy Sources","description":"Energy Sources","readOnly":false,"$comment":"{\"term\": \"field5\", \"@id\": \"https://ipfs.io/ipfs/bafkreie567lxme4xxcz7gjyyj7lk2jhf3oa5hnbukqctyjjx42y2pfrqx4#2ff9b5ba-8523-47ad-8f26-0f8fa87eef44\"}","$ref":"#2ff9b5ba-8523-47ad-8f26-0f8fa87eef44"},"policyId":{"title":"policyId","description":"policyId","readOnly":true,"$comment":"{\"term\": \"policyId\", \"@id\": \"https://www.schema.org/text\"}","type":"string"},"ref":{"title":"ref","description":"ref","readOnly":true,"$comment":"{\"term\": \"ref\", \"@id\": \"https://www.schema.org/text\"}","type":"string"}},"required":["@context","type","field3","field4","field5","policyId"],"additionalProperties":false,"$defs":{"#706bb8da-7f39-4518-85c3-b4b23a6ef28a":{"$id":"#706bb8da-7f39-4518-85c3-b4b23a6ef28a","$comment":"{\"term\": \"706bb8da-7f39-4518-85c3-b4b23a6ef28a\", \"@id\": \"https://ipfs.io/ipfs/bafkreidwms3pistbvq472d3zkhpll7eth7azpwmftour4xmzrntvibhk2u#706bb8da-7f39-4518-85c3-b4b23a6ef28a\"}","title":"Contact Details","description":"Contact Details","type":"object","properties":{"@context":{"oneOf":[{"type":"string"},{"type":"array","items":{"type":"string"}}],"readOnly":true},"type":{"oneOf":[{"type":"string"},{"type":"array","items":{"type":"string"}}],"readOnly":true},"id":{"type":"string","readOnly":true},"field0":{"title":"Organization Name","description":"Organization Name","readOnly":false,"$comment":"{\"term\": \"field0\", \"@id\": \"https://www.schema.org/text\"}","type":"string"},"field1":{"title":"Address line 1","description":"Address line 1","readOnly":false,"$comment":"{\"term\": \"field1\", \"@id\": \"https://www.schema.org/text\"}","type":"string"},"field2":{"title":"Address line 2","description":"Address line 2","readOnly":false,"$comment":"{\"term\": \"field2\", \"@id\": \"https://www.schema.org/text\"}","type":"string"},"field3":{"title":"Address line 3","description":"Address line 3","readOnly":false,"$comment":"{\"term\": \"field3\", \"@id\": \"https://www.schema.org/text\"}","type":"string"},"field4":{"title":"Postal code","description":"Postal code","readOnly":false,"$comment":"{\"term\": \"field4\", \"@id\": \"https://www.schema.org/text\"}","type":"string"},"field5":{"title":"Country","description":"Country","readOnly":false,"$comment":"{\"term\": \"field5\", \"@id\": \"https://www.schema.org/text\"}","type":"string"},"field6":{"title":"Contact person","description":"Contact person","readOnly":false,"$comment":"{\"term\": \"field6\", \"@id\": \"https://www.schema.org/text\"}","type":"string"},"field7":{"title":"e-mail","description":"e-mail","readOnly":false,"$comment":"{\"term\": \"field7\", \"@id\": \"https://www.schema.org/text\"}","type":"string","format":"email"},"field8":{"title":"Telephone","description":"Telephone","readOnly":false,"$comment":"{\"term\": \"field8\", \"@id\": \"https://www.schema.org/text\"}","type":"string"},"field9":{"title":"Fax","description":"Fax","readOnly":false,"$comment":"{\"term\": \"field9\", \"@id\": \"https://www.schema.org/text\"}","type":"string"},"field10":{"title":"Existing I-REC Registry organization(s) to become subsidiary","description":"Existing I-REC Registry organization(s) to become subsidiary","readOnly":false,"$comment":"{\"term\": \"field10\", \"@id\": \"https://www.schema.org/text\"}","type":"string"}},"required":["@context","type"],"additionalProperties":false},"#64c171a2-ac60-4972-b796-8596381c65a8":{"$id":"#64c171a2-ac60-4972-b796-8596381c65a8","$comment":"{\"term\": \"64c171a2-ac60-4972-b796-8596381c65a8\", \"@id\": \"https://ipfs.io/ipfs/bafkreibfmmst6ivkxzdcpmxf75lmtlhewgniohcexyhnbdqzg3lbnsgmte#64c171a2-ac60-4972-b796-8596381c65a8\"}","title":"Production Device","description":"Production Device","type":"object","properties":{"@context":{"oneOf":[{"type":"string"},{"type":"array","items":{"type":"string"}}],"readOnly":true},"type":{"oneOf":[{"type":"string"},{"type":"array","items":{"type":"string"}}],"readOnly":true},"id":{"type":"string","readOnly":true},"field0":{"title":"Device Name","description":"Device Name","readOnly":false,"$comment":"{\"term\": \"field0\", \"@id\": \"https://www.schema.org/text\"}","type":"string"},"field1":{"title":"Address","description":"Address","readOnly":false,"$comment":"{\"term\": \"field1\", \"@id\": \"https://www.schema.org/text\"}","type":"string"},"field2":{"title":"Postal code","description":"Postal code","readOnly":false,"$comment":"{\"term\": \"field2\", \"@id\": \"https://www.schema.org/text\"}","type":"string"},"field3":{"title":"Country","description":"Country","readOnly":false,"$comment":"{\"term\": \"field3\", \"@id\": \"https://www.schema.org/text\"}","type":"string"},"field4":{"title":"Longitude","description":"Longitude","readOnly":false,"$comment":"{\"term\": \"field4\", \"@id\": \"https://www.schema.org/text\"}","type":"string"},"field5":{"title":"Latitude","description":"Latitude","readOnly":false,"$comment":"{\"term\": \"field5\", \"@id\": \"https://www.schema.org/text\"}","type":"string"},"field6":{"title":"TSO’s ID for measurement point","description":"TSO’s ID for measurement point","readOnly":false,"$comment":"{\"term\": \"field6\", \"@id\": \"https://www.schema.org/text\"}","type":"string"},"field7":{"title":"Installed capacity (kW)","description":"Installed capacity (kW)","readOnly":false,"$comment":"{\"term\": \"field7\", \"@id\": \"https://www.schema.org/text\"}","type":"number"},"field8":{"title":"Number of generating units","description":"Number of generating units","readOnly":false,"$comment":"{\"term\": \"field8\", \"@id\": \"https://www.schema.org/text\"}","type":"integer"},"field9":{"title":"Date of commissioning","description":"Date of commissioning","readOnly":false,"$comment":"{\"term\": \"field9\", \"@id\": \"https://www.schema.org/text\"}","type":"string","format":"date"},"field10":{"title":"Owner of the network to which the Production Device is connected and the voltage of that connection","description":"Owner of the network to which the Production Device is connected and the voltage of that connection","readOnly":false,"$comment":"{\"term\": \"field10\", \"@id\": \"https://www.schema.org/text\"}","type":"string"},"field11":{"title":"If the Production Device is not connected directly to the grid, specify the circumstances, and additional relevant meter registration numbers","description":"If the Production Device is not connected directly to the grid, specify the circumstances, and additional relevant meter registration numbers","readOnly":false,"$comment":"{\"term\": \"field11\", \"@id\": \"https://www.schema.org/text\"}","type":"string"},"field12":{"title":"Expected form of volume evidence","description":"Expected form of volume evidence","readOnly":false,"$comment":"{\"term\": \"field12\", \"@id\": \"https://www.schema.org/text\"}","type":"string"},"field13":{"title":"If other please specify","description":"If other please specify","readOnly":false,"$comment":"{\"term\": \"field13\", \"@id\": \"https://www.schema.org/text\"}","type":"string"}},"required":["@context","type"],"additionalProperties":false},"#2ff9b5ba-8523-47ad-8f26-0f8fa87eef44":{"$id":"#2ff9b5ba-8523-47ad-8f26-0f8fa87eef44","$comment":"{\"term\": \"2ff9b5ba-8523-47ad-8f26-0f8fa87eef44\", \"@id\": \"https://ipfs.io/ipfs/bafkreicdymqudwen65zkey2eoirbvkbszcs75yr3b6x52zihmdro6dbmlm#2ff9b5ba-8523-47ad-8f26-0f8fa87eef44\"}","title":"Energy Sources","description":"Energy Sources","type":"object","properties":{"@context":{"oneOf":[{"type":"string"},{"type":"array","items":{"type":"string"}}],"readOnly":true},"type":{"oneOf":[{"type":"string"},{"type":"array","items":{"type":"string"}}],"readOnly":true},"id":{"type":"string","readOnly":true},"field0":{"title":"Energy Source (Input) – see Appendix 2","description":"Energy Source (Input) – see Appendix 2","readOnly":false,"$comment":"{\"term\": \"field0\", \"@id\": \"https://www.schema.org/text\"}","type":"string"},"field1":{"title":"Technology – see Appendix 2","description":"Technology – see Appendix 2","readOnly":false,"$comment":"{\"term\": \"field1\", \"@id\": \"https://www.schema.org/text\"}","type":"string"},"field2":{"title":"On-site consumer present?","description":"On-site consumer present?","readOnly":false,"$comment":"{\"term\": \"field2\", \"@id\": \"https://www.schema.org/text\"}","type":"boolean"},"field3":{"title":"If yes give details","description":"If yes give details","readOnly":false,"$comment":"{\"term\": \"field3\", \"@id\": \"https://www.schema.org/text\"}","type":"string"},"field4":{"title":"Auxiliary/standby energy sources present?","description":"Auxiliary/standby energy sources present?","readOnly":false,"$comment":"{\"term\": \"field4\", \"@id\": \"https://www.schema.org/text\"}","type":"boolean"},"field5":{"title":"If yes give details","description":"If yes give details","readOnly":false,"$comment":"{\"term\": \"field5\", \"@id\": \"https://www.schema.org/text\"}","type":"string"},"field6":{"title":"Please give details of how the site can import electricity by means other than through the meter(s) specified above","description":"Please give details of how the site can import electricity by means other than through the meter(s) specified above","readOnly":false,"$comment":"{\"term\": \"field6\", \"@id\": \"https://www.schema.org/text\"}","type":"string"},"field7":{"title":"Please give details (including registration id) of any carbon offset or energy tracking scheme for which the Production Device is registered. State ‘None’ if that is the case","description":"Please give details (including registration id) of any carbon offset or energy tracking scheme for which the Production Device is registered. State ‘None’ if that is the case","readOnly":false,"$comment":"{\"term\": \"field7\", \"@id\": \"https://www.schema.org/text\"}","type":"string"},"field8":{"title":"Please identify any labeling schemes for which the Device is accredited","description":"Please identify any labeling schemes for which the Device is accredited","readOnly":false,"$comment":"{\"term\": \"field8\", \"@id\": \"https://www.schema.org/text\"}","type":"string"},"field9":{"title":"Has the Device ever received public (government) funding (e.g. Feed in Tariff)?","description":"Has the Device ever received public (government) funding (e.g. Feed in Tariff)?","readOnly":false,"$comment":"{\"term\": \"field9\", \"@id\": \"https://www.schema.org/text\"}","type":"boolean"},"field10":{"title":"If public (government) funding has been received when did/will it finish?","description":"If public (government) funding has been received when did/will it finish?","readOnly":false,"$comment":"{\"term\": \"field10\", \"@id\": \"https://www.schema.org/text\"}","type":"string"},"field11":{"title":"Requested effective date of registration (no earlier than 12 months prior to submitting this form)","description":"Requested effective date of registration (no earlier than 12 months prior to submitting this form)","readOnly":false,"$comment":"{\"term\": \"field11\", \"@id\": \"https://www.schema.org/text\"}","type":"string","format":"date"},"field12":{"title":"Preferred I-REC Device Verifier","description":"Preferred I-REC Device Verifier","readOnly":false,"$comment":"{\"term\": \"field12\", \"@id\": \"https://www.schema.org/text\"}","type":"string"}},"required":["@context","type"],"additionalProperties":false}}},"context":{"@context":{"@version":1.1,"@vocab":"https://w3id.org/traceability/#undefinedTerm","id":"@id","type":"@type","706bb8da-7f39-4518-85c3-b4b23a6ef28a":{"@id":"https://ipfs.io/ipfs/bafkreidwms3pistbvq472d3zkhpll7eth7azpwmftour4xmzrntvibhk2u#706bb8da-7f39-4518-85c3-b4b23a6ef28a","@context":{"field0":{"@id":"https://www.schema.org/text"},"field1":{"@id":"https://www.schema.org/text"},"field2":{"@id":"https://www.schema.org/text"},"field3":{"@id":"https://www.schema.org/text"},"field4":{"@id":"https://www.schema.org/text"},"field5":{"@id":"https://www.schema.org/text"},"field6":{"@id":"https://www.schema.org/text"},"field7":{"@id":"https://www.schema.org/text"},"field8":{"@id":"https://www.schema.org/text"},"field9":{"@id":"https://www.schema.org/text"},"field10":{"@id":"https://www.schema.org/text"}}},"64c171a2-ac60-4972-b796-8596381c65a8":{"@id":"https://ipfs.io/ipfs/bafkreibfmmst6ivkxzdcpmxf75lmtlhewgniohcexyhnbdqzg3lbnsgmte#64c171a2-ac60-4972-b796-8596381c65a8","@context":{"field0":{"@id":"https://www.schema.org/text"},"field1":{"@id":"https://www.schema.org/text"},"field2":{"@id":"https://www.schema.org/text"},"field3":{"@id":"https://www.schema.org/text"},"field4":{"@id":"https://www.schema.org/text"},"field5":{"@id":"https://www.schema.org/text"},"field6":{"@id":"https://www.schema.org/text"},"field7":{"@id":"https://www.schema.org/text"},"field8":{"@id":"https://www.schema.org/text"},"field9":{"@id":"https://www.schema.org/text"},"field10":{"@id":"https://www.schema.org/text"},"field11":{"@id":"https://www.schema.org/text"},"field12":{"@id":"https://www.schema.org/text"},"field13":{"@id":"https://www.schema.org/text"}}},"2ff9b5ba-8523-47ad-8f26-0f8fa87eef44":{"@id":"https://ipfs.io/ipfs/bafkreicdymqudwen65zkey2eoirbvkbszcs75yr3b6x52zihmdro6dbmlm#2ff9b5ba-8523-47ad-8f26-0f8fa87eef44","@context":{"field0":{"@id":"https://www.schema.org/text"},"field1":{"@id":"https://www.schema.org/text"},"field2":{"@id":"https://www.schema.org/text"},"field3":{"@id":"https://www.schema.org/text"},"field4":{"@id":"https://www.schema.org/text"},"field5":{"@id":"https://www.schema.org/text"},"field6":{"@id":"https://www.schema.org/text"},"field7":{"@id":"https://www.schema.org/text"},"field8":{"@id":"https://www.schema.org/text"},"field9":{"@id":"https://www.schema.org/text"},"field10":{"@id":"https://www.schema.org/text"},"field11":{"@id":"https://www.schema.org/text"},"field12":{"@id":"https://www.schema.org/text"}}},"3cf4e8d4-4cdf-4a0b-a0a1-dbfe6c2f017c&1.0.0":{"@id":"https://ipfs.io/ipfs/bafkreiccquvrdtr2uxrzfho6q5prj5l2hrymdvbwa7xghpeff7obqfdnuu#3cf4e8d4-4cdf-4a0b-a0a1-dbfe6c2f017c&1.0.0","@context":{"field0":{"@id":"https://www.schema.org/text"},"field1":{"@id":"https://www.schema.org/text"},"field2":{"@id":"https://www.schema.org/text"},"policyId":{"@id":"https://www.schema.org/text"},"ref":{"@id":"https://www.schema.org/text"},"field3":{"@id":"https://ipfs.io/ipfs/bafkreie567lxme4xxcz7gjyyj7lk2jhf3oa5hnbukqctyjjx42y2pfrqx4#706bb8da-7f39-4518-85c3-b4b23a6ef28a"},"field4":{"@id":"https://ipfs.io/ipfs/bafkreie567lxme4xxcz7gjyyj7lk2jhf3oa5hnbukqctyjjx42y2pfrqx4#64c171a2-ac60-4972-b796-8596381c65a8"},"field5":{"@id":"https://ipfs.io/ipfs/bafkreie567lxme4xxcz7gjyyj7lk2jhf3oa5hnbukqctyjjx42y2pfrqx4#2ff9b5ba-8523-47ad-8f26-0f8fa87eef44"}}}}},"version":"1.0.0","creator":"did:hedera:testnet:9ZJXR58X9XQUgwiuxQQiTUt5yY2vX2Tw5Uph4xXsnkfM;hedera:testnet:tid=0.0.34194893","owner":"did:hedera:testnet:9ZJXR58X9XQUgwiuxQQiTUt5yY2vX2Tw5Uph4xXsnkfM;hedera:testnet:tid=0.0.34194893","topicId":"0.0.34194896","messageId":"1649855759.645675151","documentURL":"https://ipfs.io/ipfs/bafkreietaplc5yur5memmurl4a2lfskw7ysdty4bcn6cojc4tu6m3yfwwq","contextURL":"https://ipfs.io/ipfs/bafkreihjukbm5zh5mpe77dly7if3ctdct7wfs7mtyxiyybyqyiuis22cvq","iri":"#3cf4e8d4-4cdf-4a0b-a0a1-dbfe6c2f017c&1.0.0","createDate":"2022-04-13T13:15:31.393Z","category":"USER"}