{"id":"6246d11ec88f4f0015d3e5f2","uuid":"5c9ddfe8-bd8b-46f9-ad5b-5008f9d41540","hash":"","name":"Contact Details","description":"Contact Details","entity":"NONE","status":"DRAFT","readonly":false,"document":"{\"$id\":\"#5c9ddfe8-bd8b-46f9-ad5b-5008f9d41540\",\"$comment\":\"{\\\"term\\\": \\\"5c9ddfe8-bd8b-46f9-ad5b-5008f9d41540\\\", \\\"@id\\\": \\\"https://ipfs.io/ipfs/bafkreid3oj3rukr2ayouc3txeqnobuc26nj3zy764jqrlrc23kavrslwdq#5c9ddfe8-bd8b-46f9-ad5b-5008f9d41540\\\"}\",\"title\":\"Contact Details\",\"description\":\"Contact Details\",\"type\":\"object\",\"properties\":{\"@context\":{\"oneOf\":[{\"type\":\"string\"},{\"type\":\"array\",\"items\":{\"type\":\"string\"}}],\"readOnly\":true},\"type\":{\"oneOf\":[{\"type\":\"string\"},{\"type\":\"array\",\"items\":{\"type\":\"string\"}}],\"readOnly\":true},\"id\":{\"type\":\"string\",\"readOnly\":true},\"field0\":{\"title\":\"Organization Name\",\"description\":\"Organization Name\",\"readOnly\":false,\"$comment\":\"{\\\"term\\\": \\\"field0\\\", \\\"@id\\\": \\\"https://www.schema.org/text\\\"}\",\"type\":\"string\"},\"field1\":{\"title\":\"Address line 1\",\"description\":\"Address line 1\",\"readOnly\":false,\"$comment\":\"{\\\"term\\\": \\\"field1\\\", \\\"@id\\\": \\\"https://www.schema.org/text\\\"}\",\"type\":\"string\"},\"field2\":{\"title\":\"Address line 2\",\"description\":\"Address line 2\",\"readOnly\":false,\"$comment\":\"{\\\"term\\\": \\\"field2\\\", \\\"@id\\\": \\\"https://www.schema.org/text\\\"}\",\"type\":\"string\"},\"field3\":{\"title\":\"Address line 3\",\"description\":\"Address line 3\",\"readOnly\":false,\"$comment\":\"{\\\"term\\\": \\\"field3\\\", \\\"@id\\\": \\\"https://www.schema.org/text\\\"}\",\"type\":\"string\"},\"field4\":{\"title\":\"Postal code\",\"description\":\"Postal code\",\"readOnly\":false,\"$comment\":\"{\\\"term\\\": \\\"field4\\\", \\\"@id\\\": \\\"https://www.schema.org/text\\\"}\",\"type\":\"string\"},\"field5\":{\"title\":\"Country\",\"description\":\"Country\",\"readOnly\":false,\"$comment\":\"{\\\"term\\\": \\\"field5\\\", \\\"@id\\\": \\\"https://www.schema.org/text\\\"}\",\"type\":\"string\"},\"field6\":{\"title\":\"Contact person\",\"description\":\"Contact person\",\"readOnly\":false,\"$comment\":\"{\\\"term\\\": \\\"field6\\\", \\\"@id\\\": \\\"https://www.schema.org/text\\\"}\",\"type\":\"string\"},\"field7\":{\"title\":\"e-mail\",\"description\":\"e-mail\",\"readOnly\":false,\"$comment\":\"{\\\"term\\\": \\\"field7\\\", \\\"@id\\\": \\\"https://www.schema.org/text\\\"}\",\"type\":\"string\",\"format\":\"email\"},\"field8\":{\"title\":\"Telephone\",\"description\":\"Telephone\",\"readOnly\":false,\"$comment\":\"{\\\"term\\\": \\\"field8\\\", \\\"@id\\\": \\\"https://www.schema.org/text\\\"}\",\"type\":\"string\"},\"field9\":{\"title\":\"Fax\",\"description\":\"Fax\",\"readOnly\":false,\"$comment\":\"{\\\"term\\\": \\\"field9\\\", \\\"@id\\\": \\\"https://www.schema.org/text\\\"}\",\"type\":\"string\"},\"field10\":{\"title\":\"Existing I-REC Registry organization(s) to become subsidiary\",\"description\":\"Existing I-REC Registry organization(s) to become subsidiary\",\"readOnly\":false,\"$comment\":\"{\\\"term\\\": \\\"field10\\\", \\\"@id\\\": \\\"https://www.schema.org/text\\\"}\",\"type\":\"string\"}},\"required\":[\"@context\",\"type\"],\"additionalProperties\":false,\"$defs\":{}}","context":"{\"@context\":{\"@version\":1.1,\"@vocab\":\"https://w3id.org/traceability/#undefinedTerm\",\"id\":\"@id\",\"type\":\"@type\",\"5c9ddfe8-bd8b-46f9-ad5b-5008f9d41540\":{\"@id\":\"https://ipfs.io/ipfs/bafkreidwms3pistbvq472d3zkhpll7eth7azpwmftour4xmzrntvibhk2u#5c9ddfe8-bd8b-46f9-ad5b-5008f9d41540\",\"@context\":{\"field0\":{\"@id\":\"https://www.schema.org/text\"},\"field1\":{\"@id\":\"https://www.schema.org/text\"},\"field2\":{\"@id\":\"https://www.schema.org/text\"},\"field3\":{\"@id\":\"https://www.schema.org/text\"},\"field4\":{\"@id\":\"https://www.schema.org/text\"},\"field5\":{\"@id\":\"https://www.schema.org/text\"},\"field6\":{\"@id\":\"https://www.schema.org/text\"},\"field7\":{\"@id\":\"https://www.schema.org/text\"},\"field8\":{\"@id\":\"https://www.schema.org/text\"},\"field9\":{\"@id\":\"https://www.schema.org/text\"},\"field10\":{\"@id\":\"https://www.schema.org/text\"}}}}}","version":"","creator":"did:hedera:testnet:3cjyoUH37DENAKGcWKwdBnvBsCgczoBJkLyoHEngGojy;hedera:testnet:fid=0.0.34100338","owner":"did:hedera:testnet:3cjyoUH37DENAKGcWKwdBnvBsCgczoBJkLyoHEngGojy;hedera:testnet:fid=0.0.34100338","topicId":"","messageId":null,"documentURL":"https://ipfs.io/ipfs/bafkreih3vphar2tvdyys4udy3myqyke7dy5vuyx7nfckrd57vhisxsd5ie","contextURL":"https://ipfs.io/ipfs/bafkreid3oj3rukr2ayouc3txeqnobuc26nj3zy764jqrlrc23kavrslwdq","iri":"#5c9ddfe8-bd8b-46f9-ad5b-5008f9d41540","category":"USER"}