{"id":"6256cceb2f82a25d1688fb43","uuid":"64c171a2-ac60-4972-b796-8596381c65a8","hash":"","name":"Production Device","description":"Production Device","entity":"NONE","status":"DRAFT","readonly":false,"document":{"$id":"#64c171a2-ac60-4972-b796-8596381c65a8","$comment":"{\"term\": \"64c171a2-ac60-4972-b796-8596381c65a8\", \"@id\": \"https://ipfs.io/ipfs/bafkreic2pnr7usf4uu5paqwv5fxmqzwnwefu37nx4zyoccb4jikyfqzdwm#64c171a2-ac60-4972-b796-8596381c65a8\"}","title":"Production Device","description":"Production Device","type":"object","properties":{"@context":{"oneOf":[{"type":"string"},{"type":"array","items":{"type":"string"}}],"readOnly":true},"type":{"oneOf":[{"type":"string"},{"type":"array","items":{"type":"string"}}],"readOnly":true},"id":{"type":"string","readOnly":true},"field0":{"title":"Device Name","description":"Device Name","readOnly":false,"$comment":"{\"term\": \"field0\", \"@id\": \"https://www.schema.org/text\"}","type":"string"},"field1":{"title":"Address","description":"Address","readOnly":false,"$comment":"{\"term\": \"field1\", \"@id\": \"https://www.schema.org/text\"}","type":"string"},"field2":{"title":"Postal code","description":"Postal code","readOnly":false,"$comment":"{\"term\": \"field2\", \"@id\": \"https://www.schema.org/text\"}","type":"string"},"field3":{"title":"Country","description":"Country","readOnly":false,"$comment":"{\"term\": \"field3\", \"@id\": \"https://www.schema.org/text\"}","type":"string"},"field4":{"title":"Longitude","description":"Longitude","readOnly":false,"$comment":"{\"term\": \"field4\", \"@id\": \"https://www.schema.org/text\"}","type":"string"},"field5":{"title":"Latitude","description":"Latitude","readOnly":false,"$comment":"{\"term\": \"field5\", \"@id\": \"https://www.schema.org/text\"}","type":"string"},"field6":{"title":"TSO’s ID for measurement point","description":"TSO’s ID for measurement point","readOnly":false,"$comment":"{\"term\": \"field6\", \"@id\": \"https://www.schema.org/text\"}","type":"string"},"field7":{"title":"Installed capacity (kW)","description":"Installed capacity (kW)","readOnly":false,"$comment":"{\"term\": \"field7\", \"@id\": \"https://www.schema.org/text\"}","type":"number"},"field8":{"title":"Number of generating units","description":"Number of generating units","readOnly":false,"$comment":"{\"term\": \"field8\", \"@id\": \"https://www.schema.org/text\"}","type":"integer"},"field9":{"title":"Date of commissioning","description":"Date of commissioning","readOnly":false,"$comment":"{\"term\": \"field9\", \"@id\": \"https://www.schema.org/text\"}","type":"string","format":"date"},"field10":{"title":"Owner of the network to which the Production Device is connected and the voltage of that connection","description":"Owner of the network to which the Production Device is connected and the voltage of that connection","readOnly":false,"$comment":"{\"term\": \"field10\", \"@id\": \"https://www.schema.org/text\"}","type":"string"},"field11":{"title":"If the Production Device is not connected directly to the grid, specify the circumstances, and additional relevant meter registration numbers","description":"If the Production Device is not connected directly to the grid, specify the circumstances, and additional relevant meter registration numbers","readOnly":false,"$comment":"{\"term\": \"field11\", \"@id\": \"https://www.schema.org/text\"}","type":"string"},"field12":{"title":"Expected form of volume evidence","description":"Expected form of volume evidence","readOnly":false,"$comment":"{\"term\": \"field12\", \"@id\": \"https://www.schema.org/text\"}","type":"string"},"field13":{"title":"If other please specify","description":"If other please specify","readOnly":false,"$comment":"{\"term\": \"field13\", \"@id\": \"https://www.schema.org/text\"}","type":"string"}},"required":["@context","type"],"additionalProperties":false,"$defs":{}},"context":{"@context":{"@version":1.1,"@vocab":"https://w3id.org/traceability/#undefinedTerm","id":"@id","type":"@type","64c171a2-ac60-4972-b796-8596381c65a8":{"@id":"https://ipfs.io/ipfs/bafkreibfmmst6ivkxzdcpmxf75lmtlhewgniohcexyhnbdqzg3lbnsgmte#64c171a2-ac60-4972-b796-8596381c65a8","@context":{"field0":{"@id":"https://www.schema.org/text"},"field1":{"@id":"https://www.schema.org/text"},"field2":{"@id":"https://www.schema.org/text"},"field3":{"@id":"https://www.schema.org/text"},"field4":{"@id":"https://www.schema.org/text"},"field5":{"@id":"https://www.schema.org/text"},"field6":{"@id":"https://www.schema.org/text"},"field7":{"@id":"https://www.schema.org/text"},"field8":{"@id":"https://www.schema.org/text"},"field9":{"@id":"https://www.schema.org/text"},"field10":{"@id":"https://www.schema.org/text"},"field11":{"@id":"https://www.schema.org/text"},"field12":{"@id":"https://www.schema.org/text"},"field13":{"@id":"https://www.schema.org/text"}}}}},"version":"","creator":"did:hedera:testnet:9ZJXR58X9XQUgwiuxQQiTUt5yY2vX2Tw5Uph4xXsnkfM;hedera:testnet:tid=0.0.34194893","owner":"did:hedera:testnet:9ZJXR58X9XQUgwiuxQQiTUt5yY2vX2Tw5Uph4xXsnkfM;hedera:testnet:tid=0.0.34194893","topicId":"0.0.34194896","messageId":null,"documentURL":"https://ipfs.io/ipfs/bafkreih57l2hx5o6kwtj3hemmkwvopyywgxyfy2uz4rmyqs2jgfdlip2fe","contextURL":"https://ipfs.io/ipfs/bafkreic2pnr7usf4uu5paqwv5fxmqzwnwefu37nx4zyoccb4jikyfqzdwm","iri":"#64c171a2-ac60-4972-b796-8596381c65a8","createDate":"2022-04-13T13:15:23.966Z","category":"USER"}