{"id":"62592b4f3657a9d8bbaa5139","uuid":"73b2a87b-36cb-4947-b4ec-1a7b60f46222","hash":"","name":"Lead User Details","description":"Lead User Details","entity":"NONE","status":"DRAFT","readonly":false,"document":{"$id":"#73b2a87b-36cb-4947-b4ec-1a7b60f46222","$comment":"{\"term\": \"73b2a87b-36cb-4947-b4ec-1a7b60f46222\", \"@id\": \"https://ipfs.io/ipfs/bafkreiaxwqwhrxpfq4mmfpwgku77qz4y2abq6bgsr4sbpwc3jzcm4z4qpq#73b2a87b-36cb-4947-b4ec-1a7b60f46222\"}","title":"Lead User Details","description":"Lead User Details","type":"object","properties":{"@context":{"oneOf":[{"type":"string"},{"type":"array","items":{"type":"string"}}],"readOnly":true},"type":{"oneOf":[{"type":"string"},{"type":"array","items":{"type":"string"}}],"readOnly":true},"id":{"type":"string","readOnly":true},"field0":{"title":"Family Name (surname)","description":"Family Name (surname)","readOnly":false,"$comment":"{\"term\": \"field0\", \"@id\": \"https://www.schema.org/text\"}","type":"string"},"field1":{"title":"Other (Given) Names","description":"Other (Given) Names","readOnly":false,"$comment":"{\"term\": \"field1\", \"@id\": \"https://www.schema.org/text\"}","type":"string"},"field2":{"title":"Title","description":"Title","readOnly":false,"$comment":"{\"term\": \"field2\", \"@id\": \"https://www.schema.org/text\"}","type":"string"},"field3":{"title":"e-mail","description":"e-mail","readOnly":false,"$comment":"{\"term\": \"field3\", \"@id\": \"https://www.schema.org/text\"}","type":"string","format":"email"},"field4":{"title":"Telephone","description":"Telephone","readOnly":false,"$comment":"{\"term\": \"field4\", \"@id\": \"https://www.schema.org/text\"}","type":"string"},"field5":{"title":"Fax","description":"Fax","readOnly":false,"$comment":"{\"term\": \"field5\", \"@id\": \"https://www.schema.org/text\"}","type":"string"}},"required":["@context","type"],"additionalProperties":false,"$defs":{}},"context":{"@context":{"@version":1.1,"@vocab":"https://w3id.org/traceability/#undefinedTerm","id":"@id","type":"@type","73b2a87b-36cb-4947-b4ec-1a7b60f46222":{"@id":"https://ipfs.io/ipfs/bafkreicwhwmdbu4r3zv3cfifbb47dd7y5bf7l6qzycf66ll6pskk2r7gyq#73b2a87b-36cb-4947-b4ec-1a7b60f46222","@context":{"field0":{"@id":"https://www.schema.org/text"},"field1":{"@id":"https://www.schema.org/text"},"field2":{"@id":"https://www.schema.org/text"},"field3":{"@id":"https://www.schema.org/text"},"field4":{"@id":"https://www.schema.org/text"},"field5":{"@id":"https://www.schema.org/text"}}}}},"version":"","creator":"did:hedera:testnet:ExqVbiE9Hgw4RkY8pLmNZG1HtDjMQjs98J83JWj6PqP7;hedera:testnet:tid=0.0.34206798","owner":"did:hedera:testnet:ExqVbiE9Hgw4RkY8pLmNZG1HtDjMQjs98J83JWj6PqP7;hedera:testnet:tid=0.0.34206798","topicId":"","messageId":null,"documentURL":"https://ipfs.io/ipfs/bafkreif64ytqy6f574mxg6qf5d57lrjgks3hdoxuddqlxtjbozzrck5g4u","contextURL":"https://ipfs.io/ipfs/bafkreiaxwqwhrxpfq4mmfpwgku77qz4y2abq6bgsr4sbpwc3jzcm4z4qpq","iri":"#73b2a87b-36cb-4947-b4ec-1a7b60f46222","category":"USER"}