{"id":"6246d11ec88f4f0015d3e5f0","uuid":"75bc9edb-4d35-4b7c-908a-08ba547e80bb","hash":"","name":"Energy Sources","description":"Energy Sources","entity":"NONE","status":"DRAFT","readonly":false,"document":"{\"$id\":\"#75bc9edb-4d35-4b7c-908a-08ba547e80bb\",\"$comment\":\"{\\\"term\\\": \\\"75bc9edb-4d35-4b7c-908a-08ba547e80bb\\\", \\\"@id\\\": \\\"https://ipfs.io/ipfs/bafkreid5ssn3lqocpq6zunqnwcw4ge4lkhw6lp4ue4wrshepmifw4calfq#75bc9edb-4d35-4b7c-908a-08ba547e80bb\\\"}\",\"title\":\"Energy Sources\",\"description\":\"Energy Sources\",\"type\":\"object\",\"properties\":{\"@context\":{\"oneOf\":[{\"type\":\"string\"},{\"type\":\"array\",\"items\":{\"type\":\"string\"}}],\"readOnly\":true},\"type\":{\"oneOf\":[{\"type\":\"string\"},{\"type\":\"array\",\"items\":{\"type\":\"string\"}}],\"readOnly\":true},\"id\":{\"type\":\"string\",\"readOnly\":true},\"field0\":{\"title\":\"Energy Source (Input) – see Appendix 2\",\"description\":\"Energy Source (Input) – see Appendix 2\",\"readOnly\":false,\"$comment\":\"{\\\"term\\\": \\\"field0\\\", \\\"@id\\\": \\\"https://www.schema.org/text\\\"}\",\"type\":\"string\"},\"field1\":{\"title\":\"Technology – see Appendix 2\",\"description\":\"Technology – see Appendix 2\",\"readOnly\":false,\"$comment\":\"{\\\"term\\\": \\\"field1\\\", \\\"@id\\\": \\\"https://www.schema.org/text\\\"}\",\"type\":\"string\"},\"field2\":{\"title\":\"On-site consumer present?\",\"description\":\"On-site consumer present?\",\"readOnly\":false,\"$comment\":\"{\\\"term\\\": \\\"field2\\\", \\\"@id\\\": \\\"https://www.schema.org/text\\\"}\",\"type\":\"boolean\"},\"field3\":{\"title\":\"If yes give details\",\"description\":\"If yes give details\",\"readOnly\":false,\"$comment\":\"{\\\"term\\\": \\\"field3\\\", \\\"@id\\\": \\\"https://www.schema.org/text\\\"}\",\"type\":\"string\"},\"field4\":{\"title\":\"Auxiliary/standby energy sources present?\",\"description\":\"Auxiliary/standby energy sources present?\",\"readOnly\":false,\"$comment\":\"{\\\"term\\\": \\\"field4\\\", \\\"@id\\\": \\\"https://www.schema.org/text\\\"}\",\"type\":\"boolean\"},\"field5\":{\"title\":\"If yes give details\",\"description\":\"If yes give details\",\"readOnly\":false,\"$comment\":\"{\\\"term\\\": \\\"field5\\\", \\\"@id\\\": \\\"https://www.schema.org/text\\\"}\",\"type\":\"string\"},\"field6\":{\"title\":\"Please give details of how the site can import electricity by means other than through the meter(s) specified above\",\"description\":\"Please give details of how the site can import electricity by means other than through the meter(s) specified above\",\"readOnly\":false,\"$comment\":\"{\\\"term\\\": \\\"field6\\\", \\\"@id\\\": \\\"https://www.schema.org/text\\\"}\",\"type\":\"string\"},\"field7\":{\"title\":\"Please give details (including registration id) of any carbon offset or energy tracking scheme for which the Production Device is registered. State ‘None’ if that is the case\",\"description\":\"Please give details (including registration id) of any carbon offset or energy tracking scheme for which the Production Device is registered. State ‘None’ if that is the case\",\"readOnly\":false,\"$comment\":\"{\\\"term\\\": \\\"field7\\\", \\\"@id\\\": \\\"https://www.schema.org/text\\\"}\",\"type\":\"string\"},\"field8\":{\"title\":\"Please identify any labelling schemes for which the Device is accredited\",\"description\":\"Please identify any labelling schemes for which the Device is accredited\",\"readOnly\":false,\"$comment\":\"{\\\"term\\\": \\\"field8\\\", \\\"@id\\\": \\\"https://www.schema.org/text\\\"}\",\"type\":\"string\"},\"field9\":{\"title\":\"Has the Device ever received public (government) funding (e.g. Feed in Tariff)?\",\"description\":\"Has the Device ever received public (government) funding (e.g. Feed in Tariff)?\",\"readOnly\":false,\"$comment\":\"{\\\"term\\\": \\\"field9\\\", \\\"@id\\\": \\\"https://www.schema.org/text\\\"}\",\"type\":\"boolean\"},\"field10\":{\"title\":\"If public (government) funding has been received when did/will it finish?\",\"description\":\"If public (government) funding has been received when did/will it finish?\",\"readOnly\":false,\"$comment\":\"{\\\"term\\\": \\\"field10\\\", \\\"@id\\\": \\\"https://www.schema.org/text\\\"}\",\"type\":\"string\"},\"field11\":{\"title\":\"Requested effective date of registration (no earlier than 12 months prior to submitting this form)\",\"description\":\"Requested effective date of registration (no earlier than 12 months prior to submitting this form)\",\"readOnly\":false,\"$comment\":\"{\\\"term\\\": \\\"field11\\\", \\\"@id\\\": \\\"https://www.schema.org/text\\\"}\",\"type\":\"string\",\"format\":\"date\"},\"field12\":{\"title\":\"Preferred I-REC Device Verifier\",\"description\":\"Preferred I-REC Device Verifier\",\"readOnly\":false,\"$comment\":\"{\\\"term\\\": \\\"field12\\\", \\\"@id\\\": \\\"https://www.schema.org/text\\\"}\",\"type\":\"string\"}},\"required\":[\"@context\",\"type\"],\"additionalProperties\":false,\"$defs\":{}}","context":"{\"@context\":{\"@version\":1.1,\"@vocab\":\"https://w3id.org/traceability/#undefinedTerm\",\"id\":\"@id\",\"type\":\"@type\",\"75bc9edb-4d35-4b7c-908a-08ba547e80bb\":{\"@id\":\"https://ipfs.io/ipfs/bafkreicdymqudwen65zkey2eoirbvkbszcs75yr3b6x52zihmdro6dbmlm#75bc9edb-4d35-4b7c-908a-08ba547e80bb\",\"@context\":{\"field0\":{\"@id\":\"https://www.schema.org/text\"},\"field1\":{\"@id\":\"https://www.schema.org/text\"},\"field2\":{\"@id\":\"https://www.schema.org/text\"},\"field3\":{\"@id\":\"https://www.schema.org/text\"},\"field4\":{\"@id\":\"https://www.schema.org/text\"},\"field5\":{\"@id\":\"https://www.schema.org/text\"},\"field6\":{\"@id\":\"https://www.schema.org/text\"},\"field7\":{\"@id\":\"https://www.schema.org/text\"},\"field8\":{\"@id\":\"https://www.schema.org/text\"},\"field9\":{\"@id\":\"https://www.schema.org/text\"},\"field10\":{\"@id\":\"https://www.schema.org/text\"},\"field11\":{\"@id\":\"https://www.schema.org/text\"},\"field12\":{\"@id\":\"https://www.schema.org/text\"}}}}}","version":"","creator":"did:hedera:testnet:3cjyoUH37DENAKGcWKwdBnvBsCgczoBJkLyoHEngGojy;hedera:testnet:fid=0.0.34100338","owner":"did:hedera:testnet:3cjyoUH37DENAKGcWKwdBnvBsCgczoBJkLyoHEngGojy;hedera:testnet:fid=0.0.34100338","topicId":"","messageId":null,"documentURL":"https://ipfs.io/ipfs/bafkreidogznjvc256t3evl4ipb2qvfptrjqp7rxcjojpp4bcx6xrkukf3m","contextURL":"https://ipfs.io/ipfs/bafkreid5ssn3lqocpq6zunqnwcw4ge4lkhw6lp4ue4wrshepmifw4calfq","iri":"#75bc9edb-4d35-4b7c-908a-08ba547e80bb","category":"USER"}