{"id":"6246d11fc88f4f0015d3e5f5","uuid":"986ffb4e-a55f-4d55-9f66-7642aaef9bff","hash":"","name":"I-REC Registrant & Participant App","description":"I-REC Registrant & Participant App","entity":"VC","status":"PUBLISHED","readonly":false,"document":"{\"$id\":\"#986ffb4e-a55f-4d55-9f66-7642aaef9bff&1.0.0\",\"$comment\":\"{\\\"term\\\": \\\"986ffb4e-a55f-4d55-9f66-7642aaef9bff&1.0.0\\\", \\\"@id\\\": \\\"https://ipfs.io/ipfs/bafkreicvnfhsjjfmdmsooqkamz56a5dvdrvnajc6k2spezvxmlib6y5ofm#986ffb4e-a55f-4d55-9f66-7642aaef9bff&1.0.0\\\"}\",\"title\":\"I-REC Registrant & Participant App\",\"description\":\"I-REC Registrant & Participant App\",\"type\":\"object\",\"properties\":{\"@context\":{\"oneOf\":[{\"type\":\"string\"},{\"type\":\"array\",\"items\":{\"type\":\"string\"}}],\"readOnly\":true},\"type\":{\"oneOf\":[{\"type\":\"string\"},{\"type\":\"array\",\"items\":{\"type\":\"string\"}}],\"readOnly\":true},\"id\":{\"type\":\"string\",\"readOnly\":true},\"field0\":{\"title\":\"Date\",\"description\":\"Date\",\"readOnly\":false,\"$comment\":\"{\\\"term\\\": \\\"field0\\\", \\\"@id\\\": \\\"https://www.schema.org/text\\\"}\",\"type\":\"string\",\"format\":\"date\"},\"field1\":{\"title\":\"Applicant Details\",\"description\":\"Applicant Details\",\"readOnly\":false,\"$comment\":\"{\\\"term\\\": \\\"field1\\\", \\\"@id\\\": \\\"https://ipfs.io/ipfs/bafkreihxsmllnneje7shxerizd4nmjj3mg4mexaskixzkskqpdsksyd6qe#d985175a-6f31-454c-9d23-efec7cc9401a\\\"}\",\"$ref\":\"#d985175a-6f31-454c-9d23-efec7cc9401a\"},\"field2\":{\"title\":\"Primary Contact Details\",\"description\":\"Primary Contact Details\",\"readOnly\":false,\"$comment\":\"{\\\"term\\\": \\\"field2\\\", \\\"@id\\\": \\\"https://ipfs.io/ipfs/bafkreihxsmllnneje7shxerizd4nmjj3mg4mexaskixzkskqpdsksyd6qe#5c9ddfe8-bd8b-46f9-ad5b-5008f9d41540\\\"}\",\"$ref\":\"#5c9ddfe8-bd8b-46f9-ad5b-5008f9d41540\"},\"field3\":{\"title\":\"Lead User Details\\t\",\"description\":\"Lead User Details\\t\",\"readOnly\":false,\"$comment\":\"{\\\"term\\\": \\\"field3\\\", \\\"@id\\\": \\\"https://ipfs.io/ipfs/bafkreihxsmllnneje7shxerizd4nmjj3mg4mexaskixzkskqpdsksyd6qe#d55a7954-b380-4dab-981e-f214c8cfba26\\\"}\",\"$ref\":\"#d55a7954-b380-4dab-981e-f214c8cfba26\"},\"policyId\":{\"title\":\"policyId\",\"description\":\"policyId\",\"readOnly\":true,\"$comment\":\"{\\\"term\\\": \\\"policyId\\\", \\\"@id\\\": \\\"https://www.schema.org/text\\\"}\",\"type\":\"string\"},\"ref\":{\"title\":\"ref\",\"description\":\"ref\",\"readOnly\":true,\"$comment\":\"{\\\"term\\\": \\\"ref\\\", \\\"@id\\\": \\\"https://www.schema.org/text\\\"}\",\"type\":\"string\"}},\"required\":[\"@context\",\"type\",\"field1\",\"field2\",\"field3\",\"policyId\"],\"additionalProperties\":false,\"$defs\":{\"#d985175a-6f31-454c-9d23-efec7cc9401a\":{\"$id\":\"#d985175a-6f31-454c-9d23-efec7cc9401a\",\"$comment\":\"{\\\"term\\\": \\\"d985175a-6f31-454c-9d23-efec7cc9401a\\\", \\\"@id\\\": \\\"https://ipfs.io/ipfs/bafkreihe55hxacf32sxuybe3s3otblhfs3y5qlk3lccjvksh7kncwf6ura#d985175a-6f31-454c-9d23-efec7cc9401a\\\"}\",\"title\":\"Applicant Details\",\"description\":\" Applicant Details\",\"type\":\"object\",\"properties\":{\"@context\":{\"oneOf\":[{\"type\":\"string\"},{\"type\":\"array\",\"items\":{\"type\":\"string\"}}],\"readOnly\":true},\"type\":{\"oneOf\":[{\"type\":\"string\"},{\"type\":\"array\",\"items\":{\"type\":\"string\"}}],\"readOnly\":true},\"id\":{\"type\":\"string\",\"readOnly\":true},\"field0\":{\"title\":\"Applicant Legal Name\",\"description\":\"Applicant Legal Name\",\"readOnly\":false,\"$comment\":\"{\\\"term\\\": \\\"field0\\\", \\\"@id\\\": \\\"https://www.schema.org/text\\\"}\",\"type\":\"string\"},\"field1\":{\"title\":\"Registered address line 1\",\"description\":\"Registered address line 1\",\"readOnly\":false,\"$comment\":\"{\\\"term\\\": \\\"field1\\\", \\\"@id\\\": \\\"https://www.schema.org/text\\\"}\",\"type\":\"string\"},\"field2\":{\"title\":\"Registered address line 2\",\"description\":\"Registered address line 2\",\"readOnly\":false,\"$comment\":\"{\\\"term\\\": \\\"field2\\\", \\\"@id\\\": \\\"https://www.schema.org/text\\\"}\",\"type\":\"string\"},\"field3\":{\"title\":\"Registered address line 3\",\"description\":\"Registered address line 3\",\"readOnly\":false,\"$comment\":\"{\\\"term\\\": \\\"field3\\\", \\\"@id\\\": \\\"https://www.schema.org/text\\\"}\",\"type\":\"string\"},\"field4\":{\"title\":\"Postal (ZIP) code\",\"description\":\"Postal (ZIP) code\",\"readOnly\":false,\"$comment\":\"{\\\"term\\\": \\\"field4\\\", \\\"@id\\\": \\\"https://www.schema.org/text\\\"}\",\"type\":\"string\"},\"field5\":{\"title\":\"Country\",\"description\":\"Country\",\"readOnly\":false,\"$comment\":\"{\\\"term\\\": \\\"field5\\\", \\\"@id\\\": \\\"https://www.schema.org/text\\\"}\",\"type\":\"string\"},\"field6\":{\"title\":\"Legal Status\",\"description\":\"Legal Status\",\"readOnly\":false,\"$comment\":\"{\\\"term\\\": \\\"field6\\\", \\\"@id\\\": \\\"https://www.schema.org/text\\\"}\",\"type\":\"string\"},\"field7\":{\"title\":\"Country of company registration/private residence\",\"description\":\"Country of company registration/private residence\",\"readOnly\":false,\"$comment\":\"{\\\"term\\\": \\\"field7\\\", \\\"@id\\\": \\\"https://www.schema.org/text\\\"}\",\"type\":\"string\"},\"field8\":{\"title\":\"Corporate registration number/passport number\",\"description\":\"Corporate registration number/passport number\",\"readOnly\":false,\"$comment\":\"{\\\"term\\\": \\\"field8\\\", \\\"@id\\\": \\\"https://www.schema.org/text\\\"}\",\"type\":\"string\"},\"field9\":{\"title\":\"VAT number\",\"description\":\"VAT number\",\"readOnly\":false,\"$comment\":\"{\\\"term\\\": \\\"field9\\\", \\\"@id\\\": \\\"https://www.schema.org/text\\\"}\",\"type\":\"string\"},\"field10\":{\"title\":\"Website URL\",\"description\":\"Website URL\",\"readOnly\":false,\"$comment\":\"{\\\"term\\\": \\\"field10\\\", \\\"@id\\\": \\\"https://www.schema.org/text\\\"}\",\"type\":\"string\"},\"field11\":{\"title\":\"Main business (e.g. food retailer)\",\"description\":\"Main business (e.g. food retailer)\",\"readOnly\":false,\"$comment\":\"{\\\"term\\\": \\\"field11\\\", \\\"@id\\\": \\\"https://www.schema.org/text\\\"}\",\"type\":\"string\"},\"field12\":{\"title\":\"Year of registration\",\"description\":\"Year of registration\",\"readOnly\":false,\"$comment\":\"{\\\"term\\\": \\\"field12\\\", \\\"@id\\\": \\\"https://www.schema.org/text\\\"}\",\"type\":\"integer\"},\"field13\":{\"title\":\"Approximate number of employees\",\"description\":\"Approximate number of employees\",\"readOnly\":false,\"$comment\":\"{\\\"term\\\": \\\"field13\\\", \\\"@id\\\": \\\"https://www.schema.org/text\\\"}\",\"type\":\"integer\"},\"field14\":{\"title\":\"Name of the Chief Executive Officer/General Manager\",\"description\":\"Name of the Chief Executive Officer/General Manager\",\"readOnly\":false,\"$comment\":\"{\\\"term\\\": \\\"field14\\\", \\\"@id\\\": \\\"https://www.schema.org/text\\\"}\",\"type\":\"string\"},\"field15\":{\"title\":\"Chief Executive Officer/General Manager passport number\",\"description\":\"Chief Executive Officer/General Manager passport number\",\"readOnly\":false,\"$comment\":\"{\\\"term\\\": \\\"field15\\\", \\\"@id\\\": \\\"https://www.schema.org/text\\\"}\",\"type\":\"string\"},\"field16\":{\"title\":\"Please state in which countries the organization is active\",\"description\":\"Please state in which countries the organization is active\",\"readOnly\":false,\"$comment\":\"{\\\"term\\\": \\\"field16\\\", \\\"@id\\\": \\\"https://www.schema.org/text\\\"}\",\"type\":\"string\"},\"field17\":{\"title\":\"Please list the main (>10%) shareholders \",\"description\":\"Please list the main (>10%) shareholders \",\"readOnly\":false,\"$comment\":\"{\\\"term\\\": \\\"field17\\\", \\\"@id\\\": \\\"https://www.schema.org/text\\\"}\",\"type\":\"string\"},\"field18\":{\"title\":\"Balance sheet total for last financial year (in USD)\",\"description\":\"Balance sheet total for last financial year (in USD)\",\"readOnly\":false,\"$comment\":\"{\\\"term\\\": \\\"field18\\\", \\\"@id\\\": \\\"https://www.schema.org/text\\\"}\",\"type\":\"number\"},\"field19\":{\"title\":\"Email address for Accounts Department\",\"description\":\"Email address for Accounts Department\",\"readOnly\":false,\"$comment\":\"{\\\"term\\\": \\\"field19\\\", \\\"@id\\\": \\\"https://www.schema.org/text\\\"}\",\"type\":\"string\",\"format\":\"email\"}},\"required\":[\"@context\",\"type\"],\"additionalProperties\":false},\"#5c9ddfe8-bd8b-46f9-ad5b-5008f9d41540\":{\"$id\":\"#5c9ddfe8-bd8b-46f9-ad5b-5008f9d41540\",\"$comment\":\"{\\\"term\\\": \\\"5c9ddfe8-bd8b-46f9-ad5b-5008f9d41540\\\", \\\"@id\\\": \\\"https://ipfs.io/ipfs/bafkreidwms3pistbvq472d3zkhpll7eth7azpwmftour4xmzrntvibhk2u#5c9ddfe8-bd8b-46f9-ad5b-5008f9d41540\\\"}\",\"title\":\"Contact Details\",\"description\":\"Contact Details\",\"type\":\"object\",\"properties\":{\"@context\":{\"oneOf\":[{\"type\":\"string\"},{\"type\":\"array\",\"items\":{\"type\":\"string\"}}],\"readOnly\":true},\"type\":{\"oneOf\":[{\"type\":\"string\"},{\"type\":\"array\",\"items\":{\"type\":\"string\"}}],\"readOnly\":true},\"id\":{\"type\":\"string\",\"readOnly\":true},\"field0\":{\"title\":\"Organization Name\",\"description\":\"Organization Name\",\"readOnly\":false,\"$comment\":\"{\\\"term\\\": \\\"field0\\\", \\\"@id\\\": \\\"https://www.schema.org/text\\\"}\",\"type\":\"string\"},\"field1\":{\"title\":\"Address line 1\",\"description\":\"Address line 1\",\"readOnly\":false,\"$comment\":\"{\\\"term\\\": \\\"field1\\\", \\\"@id\\\": \\\"https://www.schema.org/text\\\"}\",\"type\":\"string\"},\"field2\":{\"title\":\"Address line 2\",\"description\":\"Address line 2\",\"readOnly\":false,\"$comment\":\"{\\\"term\\\": \\\"field2\\\", \\\"@id\\\": \\\"https://www.schema.org/text\\\"}\",\"type\":\"string\"},\"field3\":{\"title\":\"Address line 3\",\"description\":\"Address line 3\",\"readOnly\":false,\"$comment\":\"{\\\"term\\\": \\\"field3\\\", \\\"@id\\\": \\\"https://www.schema.org/text\\\"}\",\"type\":\"string\"},\"field4\":{\"title\":\"Postal code\",\"description\":\"Postal code\",\"readOnly\":false,\"$comment\":\"{\\\"term\\\": \\\"field4\\\", \\\"@id\\\": \\\"https://www.schema.org/text\\\"}\",\"type\":\"string\"},\"field5\":{\"title\":\"Country\",\"description\":\"Country\",\"readOnly\":false,\"$comment\":\"{\\\"term\\\": \\\"field5\\\", \\\"@id\\\": \\\"https://www.schema.org/text\\\"}\",\"type\":\"string\"},\"field6\":{\"title\":\"Contact person\",\"description\":\"Contact person\",\"readOnly\":false,\"$comment\":\"{\\\"term\\\": \\\"field6\\\", \\\"@id\\\": \\\"https://www.schema.org/text\\\"}\",\"type\":\"string\"},\"field7\":{\"title\":\"e-mail\",\"description\":\"e-mail\",\"readOnly\":false,\"$comment\":\"{\\\"term\\\": \\\"field7\\\", \\\"@id\\\": \\\"https://www.schema.org/text\\\"}\",\"type\":\"string\",\"format\":\"email\"},\"field8\":{\"title\":\"Telephone\",\"description\":\"Telephone\",\"readOnly\":false,\"$comment\":\"{\\\"term\\\": \\\"field8\\\", \\\"@id\\\": \\\"https://www.schema.org/text\\\"}\",\"type\":\"string\"},\"field9\":{\"title\":\"Fax\",\"description\":\"Fax\",\"readOnly\":false,\"$comment\":\"{\\\"term\\\": \\\"field9\\\", \\\"@id\\\": \\\"https://www.schema.org/text\\\"}\",\"type\":\"string\"},\"field10\":{\"title\":\"Existing I-REC Registry organization(s) to become subsidiary\",\"description\":\"Existing I-REC Registry organization(s) to become subsidiary\",\"readOnly\":false,\"$comment\":\"{\\\"term\\\": \\\"field10\\\", \\\"@id\\\": \\\"https://www.schema.org/text\\\"}\",\"type\":\"string\"}},\"required\":[\"@context\",\"type\"],\"additionalProperties\":false},\"#d55a7954-b380-4dab-981e-f214c8cfba26\":{\"$id\":\"#d55a7954-b380-4dab-981e-f214c8cfba26\",\"$comment\":\"{\\\"term\\\": \\\"d55a7954-b380-4dab-981e-f214c8cfba26\\\", \\\"@id\\\": \\\"https://ipfs.io/ipfs/bafkreicwhwmdbu4r3zv3cfifbb47dd7y5bf7l6qzycf66ll6pskk2r7gyq#d55a7954-b380-4dab-981e-f214c8cfba26\\\"}\",\"title\":\"Lead User Details\",\"description\":\"Lead User Details\",\"type\":\"object\",\"properties\":{\"@context\":{\"oneOf\":[{\"type\":\"string\"},{\"type\":\"array\",\"items\":{\"type\":\"string\"}}],\"readOnly\":true},\"type\":{\"oneOf\":[{\"type\":\"string\"},{\"type\":\"array\",\"items\":{\"type\":\"string\"}}],\"readOnly\":true},\"id\":{\"type\":\"string\",\"readOnly\":true},\"field0\":{\"title\":\"Family Name (surname)\",\"description\":\"Family Name (surname)\",\"readOnly\":false,\"$comment\":\"{\\\"term\\\": \\\"field0\\\", \\\"@id\\\": \\\"https://www.schema.org/text\\\"}\",\"type\":\"string\"},\"field1\":{\"title\":\"Other (Given) Names\",\"description\":\"Other (Given) Names\",\"readOnly\":false,\"$comment\":\"{\\\"term\\\": \\\"field1\\\", \\\"@id\\\": \\\"https://www.schema.org/text\\\"}\",\"type\":\"string\"},\"field2\":{\"title\":\"Title\",\"description\":\"Title\",\"readOnly\":false,\"$comment\":\"{\\\"term\\\": \\\"field2\\\", \\\"@id\\\": \\\"https://www.schema.org/text\\\"}\",\"type\":\"string\"},\"field3\":{\"title\":\"e-mail\",\"description\":\"e-mail\",\"readOnly\":false,\"$comment\":\"{\\\"term\\\": \\\"field3\\\", \\\"@id\\\": \\\"https://www.schema.org/text\\\"}\",\"type\":\"string\",\"format\":\"email\"},\"field4\":{\"title\":\"Telephone\",\"description\":\"Telephone\",\"readOnly\":false,\"$comment\":\"{\\\"term\\\": \\\"field4\\\", \\\"@id\\\": \\\"https://www.schema.org/text\\\"}\",\"type\":\"string\"},\"field5\":{\"title\":\"Fax\",\"description\":\"Fax\",\"readOnly\":false,\"$comment\":\"{\\\"term\\\": \\\"field5\\\", \\\"@id\\\": \\\"https://www.schema.org/text\\\"}\",\"type\":\"string\"}},\"required\":[\"@context\",\"type\"],\"additionalProperties\":false}}}","context":"{\"@context\":{\"@version\":1.1,\"@vocab\":\"https://w3id.org/traceability/#undefinedTerm\",\"id\":\"@id\",\"type\":\"@type\",\"d985175a-6f31-454c-9d23-efec7cc9401a\":{\"@id\":\"https://ipfs.io/ipfs/bafkreihe55hxacf32sxuybe3s3otblhfs3y5qlk3lccjvksh7kncwf6ura#d985175a-6f31-454c-9d23-efec7cc9401a\",\"@context\":{\"field0\":{\"@id\":\"https://www.schema.org/text\"},\"field1\":{\"@id\":\"https://www.schema.org/text\"},\"field2\":{\"@id\":\"https://www.schema.org/text\"},\"field3\":{\"@id\":\"https://www.schema.org/text\"},\"field4\":{\"@id\":\"https://www.schema.org/text\"},\"field5\":{\"@id\":\"https://www.schema.org/text\"},\"field6\":{\"@id\":\"https://www.schema.org/text\"},\"field7\":{\"@id\":\"https://www.schema.org/text\"},\"field8\":{\"@id\":\"https://www.schema.org/text\"},\"field9\":{\"@id\":\"https://www.schema.org/text\"},\"field10\":{\"@id\":\"https://www.schema.org/text\"},\"field11\":{\"@id\":\"https://www.schema.org/text\"},\"field12\":{\"@id\":\"https://www.schema.org/text\"},\"field13\":{\"@id\":\"https://www.schema.org/text\"},\"field14\":{\"@id\":\"https://www.schema.org/text\"},\"field15\":{\"@id\":\"https://www.schema.org/text\"},\"field16\":{\"@id\":\"https://www.schema.org/text\"},\"field17\":{\"@id\":\"https://www.schema.org/text\"},\"field18\":{\"@id\":\"https://www.schema.org/text\"},\"field19\":{\"@id\":\"https://www.schema.org/text\"}}},\"5c9ddfe8-bd8b-46f9-ad5b-5008f9d41540\":{\"@id\":\"https://ipfs.io/ipfs/bafkreidwms3pistbvq472d3zkhpll7eth7azpwmftour4xmzrntvibhk2u#5c9ddfe8-bd8b-46f9-ad5b-5008f9d41540\",\"@context\":{\"field0\":{\"@id\":\"https://www.schema.org/text\"},\"field1\":{\"@id\":\"https://www.schema.org/text\"},\"field2\":{\"@id\":\"https://www.schema.org/text\"},\"field3\":{\"@id\":\"https://www.schema.org/text\"},\"field4\":{\"@id\":\"https://www.schema.org/text\"},\"field5\":{\"@id\":\"https://www.schema.org/text\"},\"field6\":{\"@id\":\"https://www.schema.org/text\"},\"field7\":{\"@id\":\"https://www.schema.org/text\"},\"field8\":{\"@id\":\"https://www.schema.org/text\"},\"field9\":{\"@id\":\"https://www.schema.org/text\"},\"field10\":{\"@id\":\"https://www.schema.org/text\"}}},\"d55a7954-b380-4dab-981e-f214c8cfba26\":{\"@id\":\"https://ipfs.io/ipfs/bafkreicwhwmdbu4r3zv3cfifbb47dd7y5bf7l6qzycf66ll6pskk2r7gyq#d55a7954-b380-4dab-981e-f214c8cfba26\",\"@context\":{\"field0\":{\"@id\":\"https://www.schema.org/text\"},\"field1\":{\"@id\":\"https://www.schema.org/text\"},\"field2\":{\"@id\":\"https://www.schema.org/text\"},\"field3\":{\"@id\":\"https://www.schema.org/text\"},\"field4\":{\"@id\":\"https://www.schema.org/text\"},\"field5\":{\"@id\":\"https://www.schema.org/text\"}}},\"986ffb4e-a55f-4d55-9f66-7642aaef9bff&1.0.0\":{\"@id\":\"https://ipfs.io/ipfs/bafkreicvnfhsjjfmdmsooqkamz56a5dvdrvnajc6k2spezvxmlib6y5ofm#986ffb4e-a55f-4d55-9f66-7642aaef9bff&1.0.0\",\"@context\":{\"field0\":{\"@id\":\"https://www.schema.org/text\"},\"policyId\":{\"@id\":\"https://www.schema.org/text\"},\"ref\":{\"@id\":\"https://www.schema.org/text\"},\"field1\":{\"@id\":\"https://ipfs.io/ipfs/bafkreihxsmllnneje7shxerizd4nmjj3mg4mexaskixzkskqpdsksyd6qe#d985175a-6f31-454c-9d23-efec7cc9401a\"},\"field2\":{\"@id\":\"https://ipfs.io/ipfs/bafkreihxsmllnneje7shxerizd4nmjj3mg4mexaskixzkskqpdsksyd6qe#5c9ddfe8-bd8b-46f9-ad5b-5008f9d41540\"},\"field3\":{\"@id\":\"https://ipfs.io/ipfs/bafkreihxsmllnneje7shxerizd4nmjj3mg4mexaskixzkskqpdsksyd6qe#d55a7954-b380-4dab-981e-f214c8cfba26\"}}}}}","version":"1.0.0","creator":"did:hedera:testnet:3cjyoUH37DENAKGcWKwdBnvBsCgczoBJkLyoHEngGojy;hedera:testnet:fid=0.0.34100338","owner":"did:hedera:testnet:3cjyoUH37DENAKGcWKwdBnvBsCgczoBJkLyoHEngGojy;hedera:testnet:fid=0.0.34100338","topicId":"","messageId":"1648808248.285826000","documentURL":"https://ipfs.io/ipfs/bafkreidbnsxwjy3h4mbfr5z5ed3lrpauz57ewclpu4n4sobibdqokepq4y","contextURL":"https://ipfs.io/ipfs/bafkreiduee2bixrtaue7elbdrxqtlmy4ddxqbkvbvhu5yb4byikfsr7t5m","iri":"#986ffb4e-a55f-4d55-9f66-7642aaef9bff&1.0.0","category":"USER"}