{"id":"62592b4f3657a9d8bbaa513c","uuid":"c1fb8274-d07a-4724-9ef2-cd4eeb0eefd2","hash":"","name":"I-REC Facility & Device Reg","description":"I-REC Facility & Device Reg","entity":"VC","status":"PUBLISHED","readonly":false,"document":{"$id":"#c1fb8274-d07a-4724-9ef2-cd4eeb0eefd2&1.0.0","$comment":"{\"term\": \"c1fb8274-d07a-4724-9ef2-cd4eeb0eefd2&1.0.0\", \"@id\": \"https://ipfs.io/ipfs/bafkreid3xvnezi7tieltwhivvpzh3ovcfpzj5jmsqoffkoccnvle4bqnl4#c1fb8274-d07a-4724-9ef2-cd4eeb0eefd2&1.0.0\"}","title":"I-REC Facility & Device Reg","description":"I-REC Facility & Device Reg","type":"object","properties":{"@context":{"oneOf":[{"type":"string"},{"type":"array","items":{"type":"string"}}],"readOnly":true},"type":{"oneOf":[{"type":"string"},{"type":"array","items":{"type":"string"}}],"readOnly":true},"id":{"type":"string","readOnly":true},"field0":{"title":"Registrant Id","description":"Registrant Id","readOnly":false,"$comment":"{\"term\": \"field0\", \"@id\": \"https://www.schema.org/text\"}","type":"string"},"field1":{"title":"Date","description":"Date","readOnly":false,"$comment":"{\"term\": \"field1\", \"@id\": \"https://www.schema.org/text\"}","type":"string","format":"date"},"field2":{"title":"Is the Registrant also the owner of the Device? (provide evidence) ","description":"Is the Registrant also the owner of the Device? (provide evidence) ","readOnly":false,"$comment":"{\"term\": \"field2\", \"@id\": \"https://www.schema.org/text\"}","type":"string"},"field3":{"title":"Registrant Details","description":"Registrant Details","readOnly":false,"$comment":"{\"term\": \"field3\", \"@id\": \"https://ipfs.io/ipfs/bafkreie567lxme4xxcz7gjyyj7lk2jhf3oa5hnbukqctyjjx42y2pfrqx4#efc3f305-90b0-43c6-b6c1-e47d2352cdb0\"}","$ref":"#efc3f305-90b0-43c6-b6c1-e47d2352cdb0"},"field4":{"title":"Production Device Details","description":"Production Device Details","readOnly":false,"$comment":"{\"term\": \"field4\", \"@id\": \"https://ipfs.io/ipfs/bafkreie567lxme4xxcz7gjyyj7lk2jhf3oa5hnbukqctyjjx42y2pfrqx4#69faf1df-e890-426b-8051-732b0e14e49e\"}","$ref":"#69faf1df-e890-426b-8051-732b0e14e49e"},"field5":{"title":"Energy Sources","description":"Energy Sources","readOnly":false,"$comment":"{\"term\": \"field5\", \"@id\": \"https://ipfs.io/ipfs/bafkreie567lxme4xxcz7gjyyj7lk2jhf3oa5hnbukqctyjjx42y2pfrqx4#5a7f8336-e22c-4a23-9d1b-10b9f60a16a4\"}","$ref":"#5a7f8336-e22c-4a23-9d1b-10b9f60a16a4"},"policyId":{"title":"policyId","description":"policyId","readOnly":true,"$comment":"{\"term\": \"policyId\", \"@id\": \"https://www.schema.org/text\"}","type":"string"},"ref":{"title":"ref","description":"ref","readOnly":true,"$comment":"{\"term\": \"ref\", \"@id\": \"https://www.schema.org/text\"}","type":"string"}},"required":["@context","type","field3","field4","field5","policyId"],"additionalProperties":false,"$defs":{"#efc3f305-90b0-43c6-b6c1-e47d2352cdb0":{"$id":"#efc3f305-90b0-43c6-b6c1-e47d2352cdb0","$comment":"{\"term\": \"efc3f305-90b0-43c6-b6c1-e47d2352cdb0\", \"@id\": \"https://ipfs.io/ipfs/bafkreidwms3pistbvq472d3zkhpll7eth7azpwmftour4xmzrntvibhk2u#efc3f305-90b0-43c6-b6c1-e47d2352cdb0\"}","title":"Contact Details","description":"Contact Details","type":"object","properties":{"@context":{"oneOf":[{"type":"string"},{"type":"array","items":{"type":"string"}}],"readOnly":true},"type":{"oneOf":[{"type":"string"},{"type":"array","items":{"type":"string"}}],"readOnly":true},"id":{"type":"string","readOnly":true},"field0":{"title":"Organization Name","description":"Organization Name","readOnly":false,"$comment":"{\"term\": \"field0\", \"@id\": \"https://www.schema.org/text\"}","type":"string"},"field1":{"title":"Address line 1","description":"Address line 1","readOnly":false,"$comment":"{\"term\": \"field1\", \"@id\": \"https://www.schema.org/text\"}","type":"string"},"field2":{"title":"Address line 2","description":"Address line 2","readOnly":false,"$comment":"{\"term\": \"field2\", \"@id\": \"https://www.schema.org/text\"}","type":"string"},"field3":{"title":"Address line 3","description":"Address line 3","readOnly":false,"$comment":"{\"term\": \"field3\", \"@id\": \"https://www.schema.org/text\"}","type":"string"},"field4":{"title":"Postal code","description":"Postal code","readOnly":false,"$comment":"{\"term\": \"field4\", \"@id\": \"https://www.schema.org/text\"}","type":"string"},"field5":{"title":"Country","description":"Country","readOnly":false,"$comment":"{\"term\": \"field5\", \"@id\": \"https://www.schema.org/text\"}","type":"string"},"field6":{"title":"Contact person","description":"Contact person","readOnly":false,"$comment":"{\"term\": \"field6\", \"@id\": \"https://www.schema.org/text\"}","type":"string"},"field7":{"title":"e-mail","description":"e-mail","readOnly":false,"$comment":"{\"term\": \"field7\", \"@id\": \"https://www.schema.org/text\"}","type":"string","format":"email"},"field8":{"title":"Telephone","description":"Telephone","readOnly":false,"$comment":"{\"term\": \"field8\", \"@id\": \"https://www.schema.org/text\"}","type":"string"},"field9":{"title":"Fax","description":"Fax","readOnly":false,"$comment":"{\"term\": \"field9\", \"@id\": \"https://www.schema.org/text\"}","type":"string"},"field10":{"title":"Existing I-REC Registry organization(s) to become subsidiary","description":"Existing I-REC Registry organization(s) to become subsidiary","readOnly":false,"$comment":"{\"term\": \"field10\", \"@id\": \"https://www.schema.org/text\"}","type":"string"}},"required":["@context","type"],"additionalProperties":false},"#69faf1df-e890-426b-8051-732b0e14e49e":{"$id":"#69faf1df-e890-426b-8051-732b0e14e49e","$comment":"{\"term\": \"69faf1df-e890-426b-8051-732b0e14e49e\", \"@id\": \"https://ipfs.io/ipfs/bafkreibfmmst6ivkxzdcpmxf75lmtlhewgniohcexyhnbdqzg3lbnsgmte#69faf1df-e890-426b-8051-732b0e14e49e\"}","title":"Production Device","description":"Production Device","type":"object","properties":{"@context":{"oneOf":[{"type":"string"},{"type":"array","items":{"type":"string"}}],"readOnly":true},"type":{"oneOf":[{"type":"string"},{"type":"array","items":{"type":"string"}}],"readOnly":true},"id":{"type":"string","readOnly":true},"field0":{"title":"Device Name","description":"Device Name","readOnly":false,"$comment":"{\"term\": \"field0\", \"@id\": \"https://www.schema.org/text\"}","type":"string"},"field1":{"title":"Address","description":"Address","readOnly":false,"$comment":"{\"term\": \"field1\", \"@id\": \"https://www.schema.org/text\"}","type":"string"},"field2":{"title":"Postal code","description":"Postal code","readOnly":false,"$comment":"{\"term\": \"field2\", \"@id\": \"https://www.schema.org/text\"}","type":"string"},"field3":{"title":"Country","description":"Country","readOnly":false,"$comment":"{\"term\": \"field3\", \"@id\": \"https://www.schema.org/text\"}","type":"string"},"field4":{"title":"Longitude","description":"Longitude","readOnly":false,"$comment":"{\"term\": \"field4\", \"@id\": \"https://www.schema.org/text\"}","type":"string"},"field5":{"title":"Latitude","description":"Latitude","readOnly":false,"$comment":"{\"term\": \"field5\", \"@id\": \"https://www.schema.org/text\"}","type":"string"},"field6":{"title":"TSO’s ID for measurement point","description":"TSO’s ID for measurement point","readOnly":false,"$comment":"{\"term\": \"field6\", \"@id\": \"https://www.schema.org/text\"}","type":"string"},"field7":{"title":"Installed capacity (kW)","description":"Installed capacity (kW)","readOnly":false,"$comment":"{\"term\": \"field7\", \"@id\": \"https://www.schema.org/text\"}","type":"number"},"field8":{"title":"Number of generating units","description":"Number of generating units","readOnly":false,"$comment":"{\"term\": \"field8\", \"@id\": \"https://www.schema.org/text\"}","type":"integer"},"field9":{"title":"Date of commissioning","description":"Date of commissioning","readOnly":false,"$comment":"{\"term\": \"field9\", \"@id\": \"https://www.schema.org/text\"}","type":"string","format":"date"},"field10":{"title":"Owner of the network to which the Production Device is connected and the voltage of that connection","description":"Owner of the network to which the Production Device is connected and the voltage of that connection","readOnly":false,"$comment":"{\"term\": \"field10\", \"@id\": \"https://www.schema.org/text\"}","type":"string"},"field11":{"title":"If the Production Device is not connected directly to the grid, specify the circumstances, and additional relevant meter registration numbers","description":"If the Production Device is not connected directly to the grid, specify the circumstances, and additional relevant meter registration numbers","readOnly":false,"$comment":"{\"term\": \"field11\", \"@id\": \"https://www.schema.org/text\"}","type":"string"},"field12":{"title":"Expected form of volume evidence","description":"Expected form of volume evidence","readOnly":false,"$comment":"{\"term\": \"field12\", \"@id\": \"https://www.schema.org/text\"}","type":"string"},"field13":{"title":"If other please specify","description":"If other please specify","readOnly":false,"$comment":"{\"term\": \"field13\", \"@id\": \"https://www.schema.org/text\"}","type":"string"}},"required":["@context","type"],"additionalProperties":false},"#5a7f8336-e22c-4a23-9d1b-10b9f60a16a4":{"$id":"#5a7f8336-e22c-4a23-9d1b-10b9f60a16a4","$comment":"{\"term\": \"5a7f8336-e22c-4a23-9d1b-10b9f60a16a4\", \"@id\": \"https://ipfs.io/ipfs/bafkreicdymqudwen65zkey2eoirbvkbszcs75yr3b6x52zihmdro6dbmlm#5a7f8336-e22c-4a23-9d1b-10b9f60a16a4\"}","title":"Energy Sources","description":"Energy Sources","type":"object","properties":{"@context":{"oneOf":[{"type":"string"},{"type":"array","items":{"type":"string"}}],"readOnly":true},"type":{"oneOf":[{"type":"string"},{"type":"array","items":{"type":"string"}}],"readOnly":true},"id":{"type":"string","readOnly":true},"field0":{"title":"Energy Source (Input) – see Appendix 2","description":"Energy Source (Input) – see Appendix 2","readOnly":false,"$comment":"{\"term\": \"field0\", \"@id\": \"https://www.schema.org/text\"}","type":"string"},"field1":{"title":"Technology – see Appendix 2","description":"Technology – see Appendix 2","readOnly":false,"$comment":"{\"term\": \"field1\", \"@id\": \"https://www.schema.org/text\"}","type":"string"},"field2":{"title":"On-site consumer present?","description":"On-site consumer present?","readOnly":false,"$comment":"{\"term\": \"field2\", \"@id\": \"https://www.schema.org/text\"}","type":"boolean"},"field3":{"title":"If yes give details","description":"If yes give details","readOnly":false,"$comment":"{\"term\": \"field3\", \"@id\": \"https://www.schema.org/text\"}","type":"string"},"field4":{"title":"Auxiliary/standby energy sources present?","description":"Auxiliary/standby energy sources present?","readOnly":false,"$comment":"{\"term\": \"field4\", \"@id\": \"https://www.schema.org/text\"}","type":"boolean"},"field5":{"title":"If yes give details","description":"If yes give details","readOnly":false,"$comment":"{\"term\": \"field5\", \"@id\": \"https://www.schema.org/text\"}","type":"string"},"field6":{"title":"Please give details of how the site can import electricity by means other than through the meter(s) specified above","description":"Please give details of how the site can import electricity by means other than through the meter(s) specified above","readOnly":false,"$comment":"{\"term\": \"field6\", \"@id\": \"https://www.schema.org/text\"}","type":"string"},"field7":{"title":"Please give details (including registration id) of any carbon offset or energy tracking scheme for which the Production Device is registered. State ‘None’ if that is the case","description":"Please give details (including registration id) of any carbon offset or energy tracking scheme for which the Production Device is registered. State ‘None’ if that is the case","readOnly":false,"$comment":"{\"term\": \"field7\", \"@id\": \"https://www.schema.org/text\"}","type":"string"},"field8":{"title":"Please identify any labeling schemes for which the Device is accredited","description":"Please identify any labeling schemes for which the Device is accredited","readOnly":false,"$comment":"{\"term\": \"field8\", \"@id\": \"https://www.schema.org/text\"}","type":"string"},"field9":{"title":"Has the Device ever received public (government) funding (e.g. Feed in Tariff)?","description":"Has the Device ever received public (government) funding (e.g. Feed in Tariff)?","readOnly":false,"$comment":"{\"term\": \"field9\", \"@id\": \"https://www.schema.org/text\"}","type":"boolean"},"field10":{"title":"If public (government) funding has been received when did/will it finish?","description":"If public (government) funding has been received when did/will it finish?","readOnly":false,"$comment":"{\"term\": \"field10\", \"@id\": \"https://www.schema.org/text\"}","type":"string"},"field11":{"title":"Requested effective date of registration (no earlier than 12 months prior to submitting this form)","description":"Requested effective date of registration (no earlier than 12 months prior to submitting this form)","readOnly":false,"$comment":"{\"term\": \"field11\", \"@id\": \"https://www.schema.org/text\"}","type":"string","format":"date"},"field12":{"title":"Preferred I-REC Device Verifier","description":"Preferred I-REC Device Verifier","readOnly":false,"$comment":"{\"term\": \"field12\", \"@id\": \"https://www.schema.org/text\"}","type":"string"}},"required":["@context","type"],"additionalProperties":false}}},"context":{"@context":{"@version":1.1,"@vocab":"https://w3id.org/traceability/#undefinedTerm","id":"@id","type":"@type","efc3f305-90b0-43c6-b6c1-e47d2352cdb0":{"@id":"https://ipfs.io/ipfs/bafkreidwms3pistbvq472d3zkhpll7eth7azpwmftour4xmzrntvibhk2u#efc3f305-90b0-43c6-b6c1-e47d2352cdb0","@context":{"field0":{"@id":"https://www.schema.org/text"},"field1":{"@id":"https://www.schema.org/text"},"field2":{"@id":"https://www.schema.org/text"},"field3":{"@id":"https://www.schema.org/text"},"field4":{"@id":"https://www.schema.org/text"},"field5":{"@id":"https://www.schema.org/text"},"field6":{"@id":"https://www.schema.org/text"},"field7":{"@id":"https://www.schema.org/text"},"field8":{"@id":"https://www.schema.org/text"},"field9":{"@id":"https://www.schema.org/text"},"field10":{"@id":"https://www.schema.org/text"}}},"69faf1df-e890-426b-8051-732b0e14e49e":{"@id":"https://ipfs.io/ipfs/bafkreibfmmst6ivkxzdcpmxf75lmtlhewgniohcexyhnbdqzg3lbnsgmte#69faf1df-e890-426b-8051-732b0e14e49e","@context":{"field0":{"@id":"https://www.schema.org/text"},"field1":{"@id":"https://www.schema.org/text"},"field2":{"@id":"https://www.schema.org/text"},"field3":{"@id":"https://www.schema.org/text"},"field4":{"@id":"https://www.schema.org/text"},"field5":{"@id":"https://www.schema.org/text"},"field6":{"@id":"https://www.schema.org/text"},"field7":{"@id":"https://www.schema.org/text"},"field8":{"@id":"https://www.schema.org/text"},"field9":{"@id":"https://www.schema.org/text"},"field10":{"@id":"https://www.schema.org/text"},"field11":{"@id":"https://www.schema.org/text"},"field12":{"@id":"https://www.schema.org/text"},"field13":{"@id":"https://www.schema.org/text"}}},"5a7f8336-e22c-4a23-9d1b-10b9f60a16a4":{"@id":"https://ipfs.io/ipfs/bafkreicdymqudwen65zkey2eoirbvkbszcs75yr3b6x52zihmdro6dbmlm#5a7f8336-e22c-4a23-9d1b-10b9f60a16a4","@context":{"field0":{"@id":"https://www.schema.org/text"},"field1":{"@id":"https://www.schema.org/text"},"field2":{"@id":"https://www.schema.org/text"},"field3":{"@id":"https://www.schema.org/text"},"field4":{"@id":"https://www.schema.org/text"},"field5":{"@id":"https://www.schema.org/text"},"field6":{"@id":"https://www.schema.org/text"},"field7":{"@id":"https://www.schema.org/text"},"field8":{"@id":"https://www.schema.org/text"},"field9":{"@id":"https://www.schema.org/text"},"field10":{"@id":"https://www.schema.org/text"},"field11":{"@id":"https://www.schema.org/text"},"field12":{"@id":"https://www.schema.org/text"}}},"c1fb8274-d07a-4724-9ef2-cd4eeb0eefd2&1.0.0":{"@id":"https://ipfs.io/ipfs/bafkreid3xvnezi7tieltwhivvpzh3ovcfpzj5jmsqoffkoccnvle4bqnl4#c1fb8274-d07a-4724-9ef2-cd4eeb0eefd2&1.0.0","@context":{"field0":{"@id":"https://www.schema.org/text"},"field1":{"@id":"https://www.schema.org/text"},"field2":{"@id":"https://www.schema.org/text"},"policyId":{"@id":"https://www.schema.org/text"},"ref":{"@id":"https://www.schema.org/text"},"field3":{"@id":"https://ipfs.io/ipfs/bafkreie567lxme4xxcz7gjyyj7lk2jhf3oa5hnbukqctyjjx42y2pfrqx4#efc3f305-90b0-43c6-b6c1-e47d2352cdb0"},"field4":{"@id":"https://ipfs.io/ipfs/bafkreie567lxme4xxcz7gjyyj7lk2jhf3oa5hnbukqctyjjx42y2pfrqx4#69faf1df-e890-426b-8051-732b0e14e49e"},"field5":{"@id":"https://ipfs.io/ipfs/bafkreie567lxme4xxcz7gjyyj7lk2jhf3oa5hnbukqctyjjx42y2pfrqx4#5a7f8336-e22c-4a23-9d1b-10b9f60a16a4"}}}}},"version":"1.0.0","creator":"did:hedera:testnet:ExqVbiE9Hgw4RkY8pLmNZG1HtDjMQjs98J83JWj6PqP7;hedera:testnet:tid=0.0.34206798","owner":"did:hedera:testnet:ExqVbiE9Hgw4RkY8pLmNZG1HtDjMQjs98J83JWj6PqP7;hedera:testnet:tid=0.0.34206798","topicId":"0.0.29614911","messageId":"1650011815.227419029","documentURL":"https://ipfs.io/ipfs/bafkreigad5fqyflxmtixk6n5rgsztwepwmfwuu22s7brotlwbsqe3cx5u4","contextURL":"https://ipfs.io/ipfs/bafkreia4yrzdz5skp32brk5fmu3n6jrbpwp5w3b76hmt2wbfmq777xn6ty","iri":"#c1fb8274-d07a-4724-9ef2-cd4eeb0eefd2&1.0.0","category":"USER"}