{"id":"6256ccef2f82a25d1688fb45","uuid":"d7ab6994-7cb3-4b1b-9bce-6738db4b4a3f","hash":"","name":"Lead User Details","description":"Lead User Details","entity":"NONE","status":"DRAFT","readonly":false,"document":{"$id":"#d7ab6994-7cb3-4b1b-9bce-6738db4b4a3f","$comment":"{\"term\": \"d7ab6994-7cb3-4b1b-9bce-6738db4b4a3f\", \"@id\": \"https://ipfs.io/ipfs/bafkreiaxwqwhrxpfq4mmfpwgku77qz4y2abq6bgsr4sbpwc3jzcm4z4qpq#d7ab6994-7cb3-4b1b-9bce-6738db4b4a3f\"}","title":"Lead User Details","description":"Lead User Details","type":"object","properties":{"@context":{"oneOf":[{"type":"string"},{"type":"array","items":{"type":"string"}}],"readOnly":true},"type":{"oneOf":[{"type":"string"},{"type":"array","items":{"type":"string"}}],"readOnly":true},"id":{"type":"string","readOnly":true},"field0":{"title":"Family Name (surname)","description":"Family Name (surname)","readOnly":false,"$comment":"{\"term\": \"field0\", \"@id\": \"https://www.schema.org/text\"}","type":"string"},"field1":{"title":"Other (Given) Names","description":"Other (Given) Names","readOnly":false,"$comment":"{\"term\": \"field1\", \"@id\": \"https://www.schema.org/text\"}","type":"string"},"field2":{"title":"Title","description":"Title","readOnly":false,"$comment":"{\"term\": \"field2\", \"@id\": \"https://www.schema.org/text\"}","type":"string"},"field3":{"title":"e-mail","description":"e-mail","readOnly":false,"$comment":"{\"term\": \"field3\", \"@id\": \"https://www.schema.org/text\"}","type":"string","format":"email"},"field4":{"title":"Telephone","description":"Telephone","readOnly":false,"$comment":"{\"term\": \"field4\", \"@id\": \"https://www.schema.org/text\"}","type":"string"},"field5":{"title":"Fax","description":"Fax","readOnly":false,"$comment":"{\"term\": \"field5\", \"@id\": \"https://www.schema.org/text\"}","type":"string"}},"required":["@context","type"],"additionalProperties":false,"$defs":{}},"context":{"@context":{"@version":1.1,"@vocab":"https://w3id.org/traceability/#undefinedTerm","id":"@id","type":"@type","d7ab6994-7cb3-4b1b-9bce-6738db4b4a3f":{"@id":"https://ipfs.io/ipfs/bafkreicwhwmdbu4r3zv3cfifbb47dd7y5bf7l6qzycf66ll6pskk2r7gyq#d7ab6994-7cb3-4b1b-9bce-6738db4b4a3f","@context":{"field0":{"@id":"https://www.schema.org/text"},"field1":{"@id":"https://www.schema.org/text"},"field2":{"@id":"https://www.schema.org/text"},"field3":{"@id":"https://www.schema.org/text"},"field4":{"@id":"https://www.schema.org/text"},"field5":{"@id":"https://www.schema.org/text"}}}}},"version":"","creator":"did:hedera:testnet:9ZJXR58X9XQUgwiuxQQiTUt5yY2vX2Tw5Uph4xXsnkfM;hedera:testnet:tid=0.0.34194893","owner":"did:hedera:testnet:9ZJXR58X9XQUgwiuxQQiTUt5yY2vX2Tw5Uph4xXsnkfM;hedera:testnet:tid=0.0.34194893","topicId":"0.0.34194896","messageId":null,"documentURL":"https://ipfs.io/ipfs/bafkreif64ytqy6f574mxg6qf5d57lrjgks3hdoxuddqlxtjbozzrck5g4u","contextURL":"https://ipfs.io/ipfs/bafkreiaxwqwhrxpfq4mmfpwgku77qz4y2abq6bgsr4sbpwc3jzcm4z4qpq","iri":"#d7ab6994-7cb3-4b1b-9bce-6738db4b4a3f","createDate":"2022-04-13T13:15:27.101Z","category":"USER"}